scenario,scheme,index,phase,site,authorized,reason,latency_ns,aggregate_consumed,aggregate_spendable,central_remaining
balanced_equal_shares,lets,0,normal,site-a,True,authorized_and_claimed,10665500,1,299,
balanced_equal_shares,lets,1,normal,site-b,True,authorized_and_claimed,9701200,2,298,
balanced_equal_shares,lets,2,normal,site-c,True,authorized_and_claimed,10391500,3,297,
balanced_equal_shares,lets,3,normal,site-a,True,authorized_and_claimed,10709100,4,296,
balanced_equal_shares,lets,4,normal,site-b,True,authorized_and_claimed,11673900,5,295,
balanced_equal_shares,lets,5,normal,site-c,True,authorized_and_claimed,10950100,6,294,
balanced_equal_shares,lets,6,normal,site-a,True,authorized_and_claimed,10322000,7,293,
balanced_equal_shares,lets,7,normal,site-b,True,authorized_and_claimed,11518000,8,292,
balanced_equal_shares,lets,8,normal,site-c,True,authorized_and_claimed,11087000,9,291,
balanced_equal_shares,lets,9,normal,site-a,True,authorized_and_claimed,10139700,10,290,
balanced_equal_shares,lets,10,normal,site-b,True,authorized_and_claimed,11336100,11,289,
balanced_equal_shares,lets,11,normal,site-c,True,authorized_and_claimed,10902100,12,288,
balanced_equal_shares,lets,12,normal,site-a,True,authorized_and_claimed,10070000,13,287,
balanced_equal_shares,lets,13,normal,site-b,True,authorized_and_claimed,11484500,14,286,
balanced_equal_shares,lets,14,normal,site-c,True,authorized_and_claimed,11055400,15,285,
balanced_equal_shares,lets,15,normal,site-a,True,authorized_and_claimed,10604100,16,284,
balanced_equal_shares,lets,16,normal,site-b,True,authorized_and_claimed,11642200,17,283,
balanced_equal_shares,lets,17,normal,site-c,True,authorized_and_claimed,10777500,18,282,
balanced_equal_shares,lets,18,normal,site-a,True,authorized_and_claimed,10311600,19,281,
balanced_equal_shares,lets,19,normal,site-b,True,authorized_and_claimed,11002100,20,280,
balanced_equal_shares,lets,20,normal,site-c,True,authorized_and_claimed,10663400,21,279,
balanced_equal_shares,lets,21,normal,site-a,True,authorized_and_claimed,10463000,22,278,
balanced_equal_shares,lets,22,normal,site-b,True,authorized_and_claimed,11312000,23,277,
balanced_equal_shares,lets,23,normal,site-c,True,authorized_and_claimed,11165200,24,276,
balanced_equal_shares,lets,24,normal,site-a,True,authorized_and_claimed,10276100,25,275,
balanced_equal_shares,lets,25,normal,site-b,True,authorized_and_claimed,11218400,26,274,
balanced_equal_shares,lets,26,normal,site-c,True,authorized_and_claimed,11340000,27,273,
balanced_equal_shares,lets,27,normal,site-a,True,authorized_and_claimed,10554800,28,272,
balanced_equal_shares,lets,28,normal,site-b,True,authorized_and_claimed,11221400,29,271,
balanced_equal_shares,lets,29,normal,site-c,True,authorized_and_claimed,11368300,30,270,
balanced_equal_shares,lets,30,normal,site-a,True,authorized_and_claimed,10529500,31,269,
balanced_equal_shares,lets,31,normal,site-b,True,authorized_and_claimed,11690500,32,268,
balanced_equal_shares,lets,32,normal,site-c,True,authorized_and_claimed,11228200,33,267,
balanced_equal_shares,lets,33,normal,site-a,True,authorized_and_claimed,10218400,34,266,
balanced_equal_shares,lets,34,normal,site-b,True,authorized_and_claimed,11171700,35,265,
balanced_equal_shares,lets,35,normal,site-c,True,authorized_and_claimed,11322400,36,264,
balanced_equal_shares,lets,36,normal,site-a,True,authorized_and_claimed,10586000,37,263,
balanced_equal_shares,lets,37,normal,site-b,True,authorized_and_claimed,12680000,38,262,
balanced_equal_shares,lets,38,normal,site-c,True,authorized_and_claimed,11178300,39,261,
balanced_equal_shares,lets,39,normal,site-a,True,authorized_and_claimed,11631000,40,260,
balanced_equal_shares,lets,40,normal,site-b,True,authorized_and_claimed,11459500,41,259,
balanced_equal_shares,lets,41,normal,site-c,True,authorized_and_claimed,11116900,42,258,
balanced_equal_shares,lets,42,normal,site-a,True,authorized_and_claimed,10306000,43,257,
balanced_equal_shares,lets,43,normal,site-b,True,authorized_and_claimed,11089000,44,256,
balanced_equal_shares,lets,44,normal,site-c,True,authorized_and_claimed,11722300,45,255,
balanced_equal_shares,lets,45,normal,site-a,True,authorized_and_claimed,12295300,46,254,
balanced_equal_shares,lets,46,normal,site-b,True,authorized_and_claimed,11403500,47,253,
balanced_equal_shares,lets,47,normal,site-c,True,authorized_and_claimed,11274600,48,252,
balanced_equal_shares,lets,48,normal,site-a,True,authorized_and_claimed,10674200,49,251,
balanced_equal_shares,lets,49,normal,site-b,True,authorized_and_claimed,10891200,50,250,
balanced_equal_shares,lets,50,normal,site-c,True,authorized_and_claimed,11613500,51,249,
balanced_equal_shares,lets,51,normal,site-a,True,authorized_and_claimed,10457600,52,248,
balanced_equal_shares,lets,52,normal,site-b,True,authorized_and_claimed,11607800,53,247,
balanced_equal_shares,lets,53,normal,site-c,True,authorized_and_claimed,11260200,54,246,
balanced_equal_shares,lets,54,normal,site-a,True,authorized_and_claimed,10263000,55,245,
balanced_equal_shares,lets,55,normal,site-b,True,authorized_and_claimed,11394500,56,244,
balanced_equal_shares,lets,56,normal,site-c,True,authorized_and_claimed,11915400,57,243,
balanced_equal_shares,lets,57,normal,site-a,True,authorized_and_claimed,10695600,58,242,
balanced_equal_shares,lets,58,normal,site-b,True,authorized_and_claimed,11642400,59,241,
balanced_equal_shares,lets,59,normal,site-c,True,authorized_and_claimed,11737700,60,240,
balanced_equal_shares,lets,60,partition,site-a,True,authorized_and_claimed,10981400,61,239,
balanced_equal_shares,lets,61,partition,site-b,True,authorized_and_claimed,11961200,62,238,
balanced_equal_shares,lets,62,partition,site-c,True,authorized_and_claimed,11524700,63,237,
balanced_equal_shares,lets,63,partition,site-a,True,authorized_and_claimed,11378600,64,236,
balanced_equal_shares,lets,64,partition,site-b,True,authorized_and_claimed,11617400,65,235,
balanced_equal_shares,lets,65,partition,site-c,True,authorized_and_claimed,12278400,66,234,
balanced_equal_shares,lets,66,partition,site-a,True,authorized_and_claimed,11672000,67,233,
balanced_equal_shares,lets,67,partition,site-b,True,authorized_and_claimed,10750300,68,232,
balanced_equal_shares,lets,68,partition,site-c,True,authorized_and_claimed,12124900,69,231,
balanced_equal_shares,lets,69,partition,site-a,True,authorized_and_claimed,11236200,70,230,
balanced_equal_shares,lets,70,partition,site-b,True,authorized_and_claimed,11796900,71,229,
balanced_equal_shares,lets,71,partition,site-c,True,authorized_and_claimed,11085500,72,228,
balanced_equal_shares,lets,72,partition,site-a,True,authorized_and_claimed,11514800,73,227,
balanced_equal_shares,lets,73,partition,site-b,True,authorized_and_claimed,12727800,74,226,
balanced_equal_shares,lets,74,partition,site-c,True,authorized_and_claimed,11042300,75,225,
balanced_equal_shares,lets,75,partition,site-a,True,authorized_and_claimed,11023200,76,224,
balanced_equal_shares,lets,76,partition,site-b,True,authorized_and_claimed,12317900,77,223,
balanced_equal_shares,lets,77,partition,site-c,True,authorized_and_claimed,11784000,78,222,
balanced_equal_shares,lets,78,partition,site-a,True,authorized_and_claimed,11034300,79,221,
balanced_equal_shares,lets,79,partition,site-b,True,authorized_and_claimed,11451300,80,220,
balanced_equal_shares,lets,80,partition,site-c,True,authorized_and_claimed,11282100,81,219,
balanced_equal_shares,lets,81,partition,site-a,True,authorized_and_claimed,10376000,82,218,
balanced_equal_shares,lets,82,partition,site-b,True,authorized_and_claimed,11232200,83,217,
balanced_equal_shares,lets,83,partition,site-c,True,authorized_and_claimed,11089300,84,216,
balanced_equal_shares,lets,84,partition,site-a,True,authorized_and_claimed,10684200,85,215,
balanced_equal_shares,lets,85,partition,site-b,True,authorized_and_claimed,11155000,86,214,
balanced_equal_shares,lets,86,partition,site-c,True,authorized_and_claimed,10931800,87,213,
balanced_equal_shares,lets,87,partition,site-a,True,authorized_and_claimed,10612900,88,212,
balanced_equal_shares,lets,88,partition,site-b,True,authorized_and_claimed,11244000,89,211,
balanced_equal_shares,lets,89,partition,site-c,True,authorized_and_claimed,11192300,90,210,
balanced_equal_shares,lets,90,partition,site-a,True,authorized_and_claimed,10508700,91,209,
balanced_equal_shares,lets,91,partition,site-b,True,authorized_and_claimed,11515100,92,208,
balanced_equal_shares,lets,92,partition,site-c,True,authorized_and_claimed,10939000,93,207,
balanced_equal_shares,lets,93,partition,site-a,True,authorized_and_claimed,10879900,94,206,
balanced_equal_shares,lets,94,partition,site-b,True,authorized_and_claimed,11954000,95,205,
balanced_equal_shares,lets,95,partition,site-c,True,authorized_and_claimed,11591900,96,204,
balanced_equal_shares,lets,96,partition,site-a,True,authorized_and_claimed,10473600,97,203,
balanced_equal_shares,lets,97,partition,site-b,True,authorized_and_claimed,11971700,98,202,
balanced_equal_shares,lets,98,partition,site-c,True,authorized_and_claimed,11337700,99,201,
balanced_equal_shares,lets,99,partition,site-a,True,authorized_and_claimed,10797900,100,200,
balanced_equal_shares,lets,100,partition,site-b,True,authorized_and_claimed,11398900,101,199,
balanced_equal_shares,lets,101,partition,site-c,True,authorized_and_claimed,11667600,102,198,
balanced_equal_shares,lets,102,partition,site-a,True,authorized_and_claimed,10237200,103,197,
balanced_equal_shares,lets,103,partition,site-b,True,authorized_and_claimed,11643500,104,196,
balanced_equal_shares,lets,104,partition,site-c,True,authorized_and_claimed,11137400,105,195,
balanced_equal_shares,lets,105,partition,site-a,True,authorized_and_claimed,10441700,106,194,
balanced_equal_shares,lets,106,partition,site-b,True,authorized_and_claimed,11052000,107,193,
balanced_equal_shares,lets,107,partition,site-c,True,authorized_and_claimed,10876700,108,192,
balanced_equal_shares,lets,108,partition,site-a,True,authorized_and_claimed,11210300,109,191,
balanced_equal_shares,lets,109,partition,site-b,True,authorized_and_claimed,10872600,110,190,
balanced_equal_shares,lets,110,partition,site-c,True,authorized_and_claimed,11188200,111,189,
balanced_equal_shares,lets,111,partition,site-a,True,authorized_and_claimed,10673200,112,188,
balanced_equal_shares,lets,112,partition,site-b,True,authorized_and_claimed,11486600,113,187,
balanced_equal_shares,lets,113,partition,site-c,True,authorized_and_claimed,11413900,114,186,
balanced_equal_shares,lets,114,partition,site-a,True,authorized_and_claimed,10350200,115,185,
balanced_equal_shares,lets,115,partition,site-b,True,authorized_and_claimed,11337400,116,184,
balanced_equal_shares,lets,116,partition,site-c,True,authorized_and_claimed,10784900,117,183,
balanced_equal_shares,lets,117,partition,site-a,True,authorized_and_claimed,11422000,118,182,
balanced_equal_shares,lets,118,partition,site-b,True,authorized_and_claimed,11423900,119,181,
balanced_equal_shares,lets,119,partition,site-c,True,authorized_and_claimed,11243600,120,180,
balanced_equal_shares,lets,120,partition,site-a,True,authorized_and_claimed,11625400,121,179,
balanced_equal_shares,lets,121,partition,site-b,True,authorized_and_claimed,11403700,122,178,
balanced_equal_shares,lets,122,partition,site-c,True,authorized_and_claimed,10972300,123,177,
balanced_equal_shares,lets,123,partition,site-a,True,authorized_and_claimed,10809000,124,176,
balanced_equal_shares,lets,124,partition,site-b,True,authorized_and_claimed,11418000,125,175,
balanced_equal_shares,lets,125,partition,site-c,True,authorized_and_claimed,11289400,126,174,
balanced_equal_shares,lets,126,partition,site-a,True,authorized_and_claimed,10318200,127,173,
balanced_equal_shares,lets,127,partition,site-b,True,authorized_and_claimed,11662700,128,172,
balanced_equal_shares,lets,128,partition,site-c,True,authorized_and_claimed,10757000,129,171,
balanced_equal_shares,lets,129,partition,site-a,True,authorized_and_claimed,10617000,130,170,
balanced_equal_shares,lets,130,partition,site-b,True,authorized_and_claimed,11133500,131,169,
balanced_equal_shares,lets,131,partition,site-c,True,authorized_and_claimed,11010800,132,168,
balanced_equal_shares,lets,132,partition,site-a,True,authorized_and_claimed,10576200,133,167,
balanced_equal_shares,lets,133,partition,site-b,True,authorized_and_claimed,11198200,134,166,
balanced_equal_shares,lets,134,partition,site-c,True,authorized_and_claimed,11122800,135,165,
balanced_equal_shares,lets,135,partition,site-a,True,authorized_and_claimed,10339500,136,164,
balanced_equal_shares,lets,136,partition,site-b,True,authorized_and_claimed,11622900,137,163,
balanced_equal_shares,lets,137,partition,site-c,True,authorized_and_claimed,11184400,138,162,
balanced_equal_shares,lets,138,partition,site-a,True,authorized_and_claimed,10206700,139,161,
balanced_equal_shares,lets,139,partition,site-b,True,authorized_and_claimed,12157500,140,160,
balanced_equal_shares,lets,140,partition,site-c,True,authorized_and_claimed,11222600,141,159,
balanced_equal_shares,lets,141,partition,site-a,True,authorized_and_claimed,13059100,142,158,
balanced_equal_shares,lets,142,partition,site-b,True,authorized_and_claimed,11514500,143,157,
balanced_equal_shares,lets,143,partition,site-c,True,authorized_and_claimed,11140800,144,156,
balanced_equal_shares,lets,144,partition,site-a,True,authorized_and_claimed,10795800,145,155,
balanced_equal_shares,lets,145,partition,site-b,True,authorized_and_claimed,11648600,146,154,
balanced_equal_shares,lets,146,partition,site-c,True,authorized_and_claimed,11377100,147,153,
balanced_equal_shares,lets,147,partition,site-a,True,authorized_and_claimed,11281600,148,152,
balanced_equal_shares,lets,148,partition,site-b,True,authorized_and_claimed,11746600,149,151,
balanced_equal_shares,lets,149,partition,site-c,True,authorized_and_claimed,11856000,150,150,
balanced_equal_shares,lets,150,partition,site-a,True,authorized_and_claimed,12156800,151,149,
balanced_equal_shares,lets,151,partition,site-b,True,authorized_and_claimed,12388200,152,148,
balanced_equal_shares,lets,152,partition,site-c,True,authorized_and_claimed,12851300,153,147,
balanced_equal_shares,lets,153,partition,site-a,True,authorized_and_claimed,11323100,154,146,
balanced_equal_shares,lets,154,partition,site-b,True,authorized_and_claimed,11801200,155,145,
balanced_equal_shares,lets,155,partition,site-c,True,authorized_and_claimed,12184000,156,144,
balanced_equal_shares,lets,156,partition,site-a,True,authorized_and_claimed,12341200,157,143,
balanced_equal_shares,lets,157,partition,site-b,True,authorized_and_claimed,12024500,158,142,
balanced_equal_shares,lets,158,partition,site-c,True,authorized_and_claimed,11644900,159,141,
balanced_equal_shares,lets,159,partition,site-a,True,authorized_and_claimed,11774400,160,140,
balanced_equal_shares,lets,160,partition,site-b,True,authorized_and_claimed,12028600,161,139,
balanced_equal_shares,lets,161,partition,site-c,True,authorized_and_claimed,11606500,162,138,
balanced_equal_shares,lets,162,partition,site-a,True,authorized_and_claimed,12283100,163,137,
balanced_equal_shares,lets,163,partition,site-b,True,authorized_and_claimed,12337100,164,136,
balanced_equal_shares,lets,164,partition,site-c,True,authorized_and_claimed,12279500,165,135,
balanced_equal_shares,lets,165,partition,site-a,True,authorized_and_claimed,11177600,166,134,
balanced_equal_shares,lets,166,partition,site-b,True,authorized_and_claimed,13590400,167,133,
balanced_equal_shares,lets,167,partition,site-c,True,authorized_and_claimed,11751300,168,132,
balanced_equal_shares,lets,168,partition,site-a,True,authorized_and_claimed,11325000,169,131,
balanced_equal_shares,lets,169,partition,site-b,True,authorized_and_claimed,12466200,170,130,
balanced_equal_shares,lets,170,partition,site-c,True,authorized_and_claimed,12253000,171,129,
balanced_equal_shares,lets,171,partition,site-a,True,authorized_and_claimed,11433500,172,128,
balanced_equal_shares,lets,172,partition,site-b,True,authorized_and_claimed,11846400,173,127,
balanced_equal_shares,lets,173,partition,site-c,True,authorized_and_claimed,11345100,174,126,
balanced_equal_shares,lets,174,partition,site-a,True,authorized_and_claimed,10630900,175,125,
balanced_equal_shares,lets,175,partition,site-b,True,authorized_and_claimed,11369200,176,124,
balanced_equal_shares,lets,176,partition,site-c,True,authorized_and_claimed,11332100,177,123,
balanced_equal_shares,lets,177,partition,site-a,True,authorized_and_claimed,10611400,178,122,
balanced_equal_shares,lets,178,partition,site-b,True,authorized_and_claimed,11439400,179,121,
balanced_equal_shares,lets,179,partition,site-c,True,authorized_and_claimed,11073000,180,120,
balanced_equal_shares,lets,180,partition,site-a,True,authorized_and_claimed,10871900,181,119,
balanced_equal_shares,lets,181,partition,site-b,True,authorized_and_claimed,11285200,182,118,
balanced_equal_shares,lets,182,partition,site-c,True,authorized_and_claimed,10885000,183,117,
balanced_equal_shares,lets,183,partition,site-a,True,authorized_and_claimed,10701700,184,116,
balanced_equal_shares,lets,184,partition,site-b,True,authorized_and_claimed,11886900,185,115,
balanced_equal_shares,lets,185,partition,site-c,True,authorized_and_claimed,11796000,186,114,
balanced_equal_shares,lets,186,partition,site-a,True,authorized_and_claimed,10466900,187,113,
balanced_equal_shares,lets,187,partition,site-b,True,authorized_and_claimed,11708800,188,112,
balanced_equal_shares,lets,188,partition,site-c,True,authorized_and_claimed,11512600,189,111,
balanced_equal_shares,lets,189,partition,site-a,True,authorized_and_claimed,11284700,190,110,
balanced_equal_shares,lets,190,partition,site-b,True,authorized_and_claimed,11617900,191,109,
balanced_equal_shares,lets,191,partition,site-c,True,authorized_and_claimed,11452500,192,108,
balanced_equal_shares,lets,192,partition,site-a,True,authorized_and_claimed,10811500,193,107,
balanced_equal_shares,lets,193,partition,site-b,True,authorized_and_claimed,11673000,194,106,
balanced_equal_shares,lets,194,partition,site-c,True,authorized_and_claimed,11221400,195,105,
balanced_equal_shares,lets,195,partition,site-a,True,authorized_and_claimed,10244300,196,104,
balanced_equal_shares,lets,196,partition,site-b,True,authorized_and_claimed,11468500,197,103,
balanced_equal_shares,lets,197,partition,site-c,True,authorized_and_claimed,11173600,198,102,
balanced_equal_shares,lets,198,partition,site-a,True,authorized_and_claimed,10771900,199,101,
balanced_equal_shares,lets,199,partition,site-b,True,authorized_and_claimed,11702900,200,100,
balanced_equal_shares,lets,200,partition,site-c,True,authorized_and_claimed,11552000,201,99,
balanced_equal_shares,lets,201,partition,site-a,True,authorized_and_claimed,11201300,202,98,
balanced_equal_shares,lets,202,partition,site-b,True,authorized_and_claimed,11818500,203,97,
balanced_equal_shares,lets,203,partition,site-c,True,authorized_and_claimed,11684200,204,96,
balanced_equal_shares,lets,204,partition,site-a,True,authorized_and_claimed,10750900,205,95,
balanced_equal_shares,lets,205,partition,site-b,True,authorized_and_claimed,11638600,206,94,
balanced_equal_shares,lets,206,partition,site-c,True,authorized_and_claimed,11409700,207,93,
balanced_equal_shares,lets,207,partition,site-a,True,authorized_and_claimed,11479300,208,92,
balanced_equal_shares,lets,208,partition,site-b,True,authorized_and_claimed,12155300,209,91,
balanced_equal_shares,lets,209,partition,site-c,True,authorized_and_claimed,11814300,210,90,
balanced_equal_shares,lets,210,recovery,site-a,True,authorized_and_claimed,11937200,211,89,
balanced_equal_shares,lets,211,recovery,site-b,True,authorized_and_claimed,11384400,212,88,
balanced_equal_shares,lets,212,recovery,site-c,True,authorized_and_claimed,11400700,213,87,
balanced_equal_shares,lets,213,recovery,site-a,True,authorized_and_claimed,10790800,214,86,
balanced_equal_shares,lets,214,recovery,site-b,True,authorized_and_claimed,11731300,215,85,
balanced_equal_shares,lets,215,recovery,site-c,True,authorized_and_claimed,11392000,216,84,
balanced_equal_shares,lets,216,recovery,site-a,True,authorized_and_claimed,10820000,217,83,
balanced_equal_shares,lets,217,recovery,site-b,True,authorized_and_claimed,12143900,218,82,
balanced_equal_shares,lets,218,recovery,site-c,True,authorized_and_claimed,11527300,219,81,
balanced_equal_shares,lets,219,recovery,site-a,True,authorized_and_claimed,11322600,220,80,
balanced_equal_shares,lets,220,recovery,site-b,True,authorized_and_claimed,11668400,221,79,
balanced_equal_shares,lets,221,recovery,site-c,True,authorized_and_claimed,11901400,222,78,
balanced_equal_shares,lets,222,recovery,site-a,True,authorized_and_claimed,10705400,223,77,
balanced_equal_shares,lets,223,recovery,site-b,True,authorized_and_claimed,11813500,224,76,
balanced_equal_shares,lets,224,recovery,site-c,True,authorized_and_claimed,11062200,225,75,
balanced_equal_shares,lets,225,recovery,site-a,True,authorized_and_claimed,11070900,226,74,
balanced_equal_shares,lets,226,recovery,site-b,True,authorized_and_claimed,12072700,227,73,
balanced_equal_shares,lets,227,recovery,site-c,True,authorized_and_claimed,11910900,228,72,
balanced_equal_shares,lets,228,recovery,site-a,True,authorized_and_claimed,10778100,229,71,
balanced_equal_shares,lets,229,recovery,site-b,True,authorized_and_claimed,11580300,230,70,
balanced_equal_shares,lets,230,recovery,site-c,True,authorized_and_claimed,11409600,231,69,
balanced_equal_shares,lets,231,recovery,site-a,True,authorized_and_claimed,10648900,232,68,
balanced_equal_shares,lets,232,recovery,site-b,True,authorized_and_claimed,12335900,233,67,
balanced_equal_shares,lets,233,recovery,site-c,True,authorized_and_claimed,12094300,234,66,
balanced_equal_shares,lets,234,recovery,site-a,True,authorized_and_claimed,10913900,235,65,
balanced_equal_shares,lets,235,recovery,site-b,True,authorized_and_claimed,15412600,236,64,
balanced_equal_shares,lets,236,recovery,site-c,True,authorized_and_claimed,11255400,237,63,
balanced_equal_shares,lets,237,recovery,site-a,True,authorized_and_claimed,11097600,238,62,
balanced_equal_shares,lets,238,recovery,site-b,True,authorized_and_claimed,12174700,239,61,
balanced_equal_shares,lets,239,recovery,site-c,True,authorized_and_claimed,11826700,240,60,
balanced_equal_shares,lets,240,recovery,site-a,True,authorized_and_claimed,10727800,241,59,
balanced_equal_shares,lets,241,recovery,site-b,True,authorized_and_claimed,11817000,242,58,
balanced_equal_shares,lets,242,recovery,site-c,True,authorized_and_claimed,11610400,243,57,
balanced_equal_shares,lets,243,recovery,site-a,True,authorized_and_claimed,11014700,244,56,
balanced_equal_shares,lets,244,recovery,site-b,True,authorized_and_claimed,11717800,245,55,
balanced_equal_shares,lets,245,recovery,site-c,True,authorized_and_claimed,11461400,246,54,
balanced_equal_shares,lets,246,recovery,site-a,True,authorized_and_claimed,11114200,247,53,
balanced_equal_shares,lets,247,recovery,site-b,True,authorized_and_claimed,11822700,248,52,
balanced_equal_shares,lets,248,recovery,site-c,True,authorized_and_claimed,11101600,249,51,
balanced_equal_shares,lets,249,recovery,site-a,True,authorized_and_claimed,11297400,250,50,
balanced_equal_shares,lets,250,recovery,site-b,True,authorized_and_claimed,12304500,251,49,
balanced_equal_shares,lets,251,recovery,site-c,True,authorized_and_claimed,12368300,252,48,
balanced_equal_shares,lets,252,recovery,site-a,True,authorized_and_claimed,11440600,253,47,
balanced_equal_shares,lets,253,recovery,site-b,True,authorized_and_claimed,11640100,254,46,
balanced_equal_shares,lets,254,recovery,site-c,True,authorized_and_claimed,11992200,255,45,
balanced_equal_shares,lets,255,recovery,site-a,True,authorized_and_claimed,11576600,256,44,
balanced_equal_shares,lets,256,recovery,site-b,True,authorized_and_claimed,11795400,257,43,
balanced_equal_shares,lets,257,recovery,site-c,True,authorized_and_claimed,12053200,258,42,
balanced_equal_shares,lets,258,recovery,site-a,True,authorized_and_claimed,11290300,259,41,
balanced_equal_shares,lets,259,recovery,site-b,True,authorized_and_claimed,11837700,260,40,
balanced_equal_shares,lets,260,recovery,site-c,True,authorized_and_claimed,11816300,261,39,
balanced_equal_shares,lets,261,recovery,site-a,True,authorized_and_claimed,11599300,262,38,
balanced_equal_shares,lets,262,recovery,site-b,True,authorized_and_claimed,12266600,263,37,
balanced_equal_shares,lets,263,recovery,site-c,True,authorized_and_claimed,11634300,264,36,
balanced_equal_shares,lets,264,recovery,site-a,True,authorized_and_claimed,11978100,265,35,
balanced_equal_shares,lets,265,recovery,site-b,True,authorized_and_claimed,11791200,266,34,
balanced_equal_shares,lets,266,recovery,site-c,True,authorized_and_claimed,11127300,267,33,
balanced_equal_shares,lets,267,recovery,site-a,True,authorized_and_claimed,11723600,268,32,
balanced_equal_shares,lets,268,recovery,site-b,True,authorized_and_claimed,11776300,269,31,
balanced_equal_shares,lets,269,recovery,site-c,True,authorized_and_claimed,11397700,270,30,
balanced_equal_shares,lets,270,recovery,site-a,True,authorized_and_claimed,10814800,271,29,
balanced_equal_shares,lets,271,recovery,site-b,True,authorized_and_claimed,11854600,272,28,
balanced_equal_shares,lets,272,recovery,site-c,True,authorized_and_claimed,11589800,273,27,
balanced_equal_shares,lets,273,recovery,site-a,True,authorized_and_claimed,11661400,274,26,
balanced_equal_shares,lets,274,recovery,site-b,True,authorized_and_claimed,11847300,275,25,
balanced_equal_shares,lets,275,recovery,site-c,True,authorized_and_claimed,11690900,276,24,
balanced_equal_shares,lets,276,recovery,site-a,True,authorized_and_claimed,10913500,277,23,
balanced_equal_shares,lets,277,recovery,site-b,True,authorized_and_claimed,11667500,278,22,
balanced_equal_shares,lets,278,recovery,site-c,True,authorized_and_claimed,10974800,279,21,
balanced_equal_shares,lets,279,recovery,site-a,True,authorized_and_claimed,10955600,280,20,
balanced_equal_shares,lets,280,recovery,site-b,True,authorized_and_claimed,11740400,281,19,
balanced_equal_shares,lets,281,recovery,site-c,True,authorized_and_claimed,12558100,282,18,
balanced_equal_shares,lets,282,recovery,site-a,True,authorized_and_claimed,10957000,283,17,
balanced_equal_shares,lets,283,recovery,site-b,True,authorized_and_claimed,11913400,284,16,
balanced_equal_shares,lets,284,recovery,site-c,True,authorized_and_claimed,11227900,285,15,
balanced_equal_shares,lets,285,recovery,site-a,True,authorized_and_claimed,11386900,286,14,
balanced_equal_shares,lets,286,recovery,site-b,True,authorized_and_claimed,11704300,287,13,
balanced_equal_shares,lets,287,recovery,site-c,True,authorized_and_claimed,12019600,288,12,
balanced_equal_shares,lets,288,recovery,site-a,True,authorized_and_claimed,11145000,289,11,
balanced_equal_shares,lets,289,recovery,site-b,True,authorized_and_claimed,11916800,290,10,
balanced_equal_shares,lets,290,recovery,site-c,True,authorized_and_claimed,11471500,291,9,
balanced_equal_shares,lets,291,recovery,site-a,True,authorized_and_claimed,11341800,292,8,
balanced_equal_shares,lets,292,recovery,site-b,True,authorized_and_claimed,11612200,293,7,
balanced_equal_shares,lets,293,recovery,site-c,True,authorized_and_claimed,11895600,294,6,
balanced_equal_shares,lets,294,recovery,site-a,True,authorized_and_claimed,11112900,295,5,
balanced_equal_shares,lets,295,recovery,site-b,True,authorized_and_claimed,11935900,296,4,
balanced_equal_shares,lets,296,recovery,site-c,True,authorized_and_claimed,11570600,297,3,
balanced_equal_shares,lets,297,recovery,site-a,True,authorized_and_claimed,10999800,298,2,
balanced_equal_shares,lets,298,recovery,site-b,True,authorized_and_claimed,11386100,299,1,
balanced_equal_shares,lets,299,recovery,site-c,True,authorized_and_claimed,11387200,300,0,
balanced_equal_shares,centralized_counter,0,normal,site-a,True,authorized,370500,,,299
balanced_equal_shares,centralized_counter,1,normal,site-b,True,authorized,305900,,,298
balanced_equal_shares,centralized_counter,2,normal,site-c,True,authorized,310900,,,297
balanced_equal_shares,centralized_counter,3,normal,site-a,True,authorized,317900,,,296
balanced_equal_shares,centralized_counter,4,normal,site-b,True,authorized,318700,,,295
balanced_equal_shares,centralized_counter,5,normal,site-c,True,authorized,315100,,,294
balanced_equal_shares,centralized_counter,6,normal,site-a,True,authorized,312400,,,293
balanced_equal_shares,centralized_counter,7,normal,site-b,True,authorized,307100,,,292
balanced_equal_shares,centralized_counter,8,normal,site-c,True,authorized,321900,,,291
balanced_equal_shares,centralized_counter,9,normal,site-a,True,authorized,313500,,,290
balanced_equal_shares,centralized_counter,10,normal,site-b,True,authorized,313000,,,289
balanced_equal_shares,centralized_counter,11,normal,site-c,True,authorized,314200,,,288
balanced_equal_shares,centralized_counter,12,normal,site-a,True,authorized,317900,,,287
balanced_equal_shares,centralized_counter,13,normal,site-b,True,authorized,378600,,,286
balanced_equal_shares,centralized_counter,14,normal,site-c,True,authorized,340900,,,285
balanced_equal_shares,centralized_counter,15,normal,site-a,True,authorized,355600,,,284
balanced_equal_shares,centralized_counter,16,normal,site-b,True,authorized,317300,,,283
balanced_equal_shares,centralized_counter,17,normal,site-c,True,authorized,316500,,,282
balanced_equal_shares,centralized_counter,18,normal,site-a,True,authorized,317900,,,281
balanced_equal_shares,centralized_counter,19,normal,site-b,True,authorized,341100,,,280
balanced_equal_shares,centralized_counter,20,normal,site-c,True,authorized,314500,,,279
balanced_equal_shares,centralized_counter,21,normal,site-a,True,authorized,315700,,,278
balanced_equal_shares,centralized_counter,22,normal,site-b,True,authorized,317700,,,277
balanced_equal_shares,centralized_counter,23,normal,site-c,True,authorized,314700,,,276
balanced_equal_shares,centralized_counter,24,normal,site-a,True,authorized,343800,,,275
balanced_equal_shares,centralized_counter,25,normal,site-b,True,authorized,331000,,,274
balanced_equal_shares,centralized_counter,26,normal,site-c,True,authorized,315600,,,273
balanced_equal_shares,centralized_counter,27,normal,site-a,True,authorized,314300,,,272
balanced_equal_shares,centralized_counter,28,normal,site-b,True,authorized,329400,,,271
balanced_equal_shares,centralized_counter,29,normal,site-c,True,authorized,337700,,,270
balanced_equal_shares,centralized_counter,30,normal,site-a,True,authorized,318100,,,269
balanced_equal_shares,centralized_counter,31,normal,site-b,True,authorized,314400,,,268
balanced_equal_shares,centralized_counter,32,normal,site-c,True,authorized,296700,,,267
balanced_equal_shares,centralized_counter,33,normal,site-a,True,authorized,316400,,,266
balanced_equal_shares,centralized_counter,34,normal,site-b,True,authorized,279100,,,265
balanced_equal_shares,centralized_counter,35,normal,site-c,True,authorized,305900,,,264
balanced_equal_shares,centralized_counter,36,normal,site-a,True,authorized,270100,,,263
balanced_equal_shares,centralized_counter,37,normal,site-b,True,authorized,284700,,,262
balanced_equal_shares,centralized_counter,38,normal,site-c,True,authorized,274500,,,261
balanced_equal_shares,centralized_counter,39,normal,site-a,True,authorized,274400,,,260
balanced_equal_shares,centralized_counter,40,normal,site-b,True,authorized,296400,,,259
balanced_equal_shares,centralized_counter,41,normal,site-c,True,authorized,270500,,,258
balanced_equal_shares,centralized_counter,42,normal,site-a,True,authorized,263400,,,257
balanced_equal_shares,centralized_counter,43,normal,site-b,True,authorized,315500,,,256
balanced_equal_shares,centralized_counter,44,normal,site-c,True,authorized,275700,,,255
balanced_equal_shares,centralized_counter,45,normal,site-a,True,authorized,290300,,,254
balanced_equal_shares,centralized_counter,46,normal,site-b,True,authorized,274000,,,253
balanced_equal_shares,centralized_counter,47,normal,site-c,True,authorized,278300,,,252
balanced_equal_shares,centralized_counter,48,normal,site-a,True,authorized,272900,,,251
balanced_equal_shares,centralized_counter,49,normal,site-b,True,authorized,274500,,,250
balanced_equal_shares,centralized_counter,50,normal,site-c,True,authorized,285200,,,249
balanced_equal_shares,centralized_counter,51,normal,site-a,True,authorized,325200,,,248
balanced_equal_shares,centralized_counter,52,normal,site-b,True,authorized,315400,,,247
balanced_equal_shares,centralized_counter,53,normal,site-c,True,authorized,298300,,,246
balanced_equal_shares,centralized_counter,54,normal,site-a,True,authorized,279400,,,245
balanced_equal_shares,centralized_counter,55,normal,site-b,True,authorized,294600,,,244
balanced_equal_shares,centralized_counter,56,normal,site-c,True,authorized,399500,,,243
balanced_equal_shares,centralized_counter,57,normal,site-a,True,authorized,284600,,,242
balanced_equal_shares,centralized_counter,58,normal,site-b,True,authorized,271500,,,241
balanced_equal_shares,centralized_counter,59,normal,site-c,True,authorized,271600,,,240
balanced_equal_shares,centralized_counter,60,partition,site-a,False,central_unreachable,0,,,240
balanced_equal_shares,centralized_counter,61,partition,site-b,True,authorized,273200,,,239
balanced_equal_shares,centralized_counter,62,partition,site-c,True,authorized,313000,,,238
balanced_equal_shares,centralized_counter,63,partition,site-a,False,central_unreachable,0,,,238
balanced_equal_shares,centralized_counter,64,partition,site-b,True,authorized,287900,,,237
balanced_equal_shares,centralized_counter,65,partition,site-c,True,authorized,272000,,,236
balanced_equal_shares,centralized_counter,66,partition,site-a,False,central_unreachable,0,,,236
balanced_equal_shares,centralized_counter,67,partition,site-b,True,authorized,285700,,,235
balanced_equal_shares,centralized_counter,68,partition,site-c,True,authorized,284700,,,234
balanced_equal_shares,centralized_counter,69,partition,site-a,False,central_unreachable,0,,,234
balanced_equal_shares,centralized_counter,70,partition,site-b,True,authorized,285900,,,233
balanced_equal_shares,centralized_counter,71,partition,site-c,True,authorized,280900,,,232
balanced_equal_shares,centralized_counter,72,partition,site-a,False,central_unreachable,0,,,232
balanced_equal_shares,centralized_counter,73,partition,site-b,True,authorized,271500,,,231
balanced_equal_shares,centralized_counter,74,partition,site-c,True,authorized,268700,,,230
balanced_equal_shares,centralized_counter,75,partition,site-a,False,central_unreachable,0,,,230
balanced_equal_shares,centralized_counter,76,partition,site-b,True,authorized,287000,,,229
balanced_equal_shares,centralized_counter,77,partition,site-c,True,authorized,306000,,,228
balanced_equal_shares,centralized_counter,78,partition,site-a,False,central_unreachable,0,,,228
balanced_equal_shares,centralized_counter,79,partition,site-b,True,authorized,300600,,,227
balanced_equal_shares,centralized_counter,80,partition,site-c,True,authorized,277200,,,226
balanced_equal_shares,centralized_counter,81,partition,site-a,False,central_unreachable,0,,,226
balanced_equal_shares,centralized_counter,82,partition,site-b,True,authorized,283200,,,225
balanced_equal_shares,centralized_counter,83,partition,site-c,True,authorized,276300,,,224
balanced_equal_shares,centralized_counter,84,partition,site-a,False,central_unreachable,0,,,224
balanced_equal_shares,centralized_counter,85,partition,site-b,True,authorized,296100,,,223
balanced_equal_shares,centralized_counter,86,partition,site-c,True,authorized,272500,,,222
balanced_equal_shares,centralized_counter,87,partition,site-a,False,central_unreachable,0,,,222
balanced_equal_shares,centralized_counter,88,partition,site-b,True,authorized,279600,,,221
balanced_equal_shares,centralized_counter,89,partition,site-c,True,authorized,282700,,,220
balanced_equal_shares,centralized_counter,90,partition,site-a,False,central_unreachable,0,,,220
balanced_equal_shares,centralized_counter,91,partition,site-b,True,authorized,298700,,,219
balanced_equal_shares,centralized_counter,92,partition,site-c,True,authorized,393500,,,218
balanced_equal_shares,centralized_counter,93,partition,site-a,False,central_unreachable,0,,,218
balanced_equal_shares,centralized_counter,94,partition,site-b,True,authorized,316500,,,217
balanced_equal_shares,centralized_counter,95,partition,site-c,True,authorized,290300,,,216
balanced_equal_shares,centralized_counter,96,partition,site-a,False,central_unreachable,0,,,216
balanced_equal_shares,centralized_counter,97,partition,site-b,True,authorized,262300,,,215
balanced_equal_shares,centralized_counter,98,partition,site-c,True,authorized,288700,,,214
balanced_equal_shares,centralized_counter,99,partition,site-a,False,central_unreachable,0,,,214
balanced_equal_shares,centralized_counter,100,partition,site-b,True,authorized,277500,,,213
balanced_equal_shares,centralized_counter,101,partition,site-c,True,authorized,306200,,,212
balanced_equal_shares,centralized_counter,102,partition,site-a,False,central_unreachable,0,,,212
balanced_equal_shares,centralized_counter,103,partition,site-b,True,authorized,304900,,,211
balanced_equal_shares,centralized_counter,104,partition,site-c,True,authorized,273700,,,210
balanced_equal_shares,centralized_counter,105,partition,site-a,False,central_unreachable,0,,,210
balanced_equal_shares,centralized_counter,106,partition,site-b,True,authorized,280200,,,209
balanced_equal_shares,centralized_counter,107,partition,site-c,True,authorized,269500,,,208
balanced_equal_shares,centralized_counter,108,partition,site-a,False,central_unreachable,0,,,208
balanced_equal_shares,centralized_counter,109,partition,site-b,True,authorized,298400,,,207
balanced_equal_shares,centralized_counter,110,partition,site-c,True,authorized,287300,,,206
balanced_equal_shares,centralized_counter,111,partition,site-a,False,central_unreachable,0,,,206
balanced_equal_shares,centralized_counter,112,partition,site-b,True,authorized,269700,,,205
balanced_equal_shares,centralized_counter,113,partition,site-c,True,authorized,303400,,,204
balanced_equal_shares,centralized_counter,114,partition,site-a,False,central_unreachable,0,,,204
balanced_equal_shares,centralized_counter,115,partition,site-b,True,authorized,393100,,,203
balanced_equal_shares,centralized_counter,116,partition,site-c,True,authorized,284200,,,202
balanced_equal_shares,centralized_counter,117,partition,site-a,False,central_unreachable,0,,,202
balanced_equal_shares,centralized_counter,118,partition,site-b,True,authorized,271900,,,201
balanced_equal_shares,centralized_counter,119,partition,site-c,True,authorized,280300,,,200
balanced_equal_shares,centralized_counter,120,partition,site-a,False,central_unreachable,0,,,200
balanced_equal_shares,centralized_counter,121,partition,site-b,True,authorized,296000,,,199
balanced_equal_shares,centralized_counter,122,partition,site-c,True,authorized,298200,,,198
balanced_equal_shares,centralized_counter,123,partition,site-a,False,central_unreachable,0,,,198
balanced_equal_shares,centralized_counter,124,partition,site-b,True,authorized,311400,,,197
balanced_equal_shares,centralized_counter,125,partition,site-c,True,authorized,301400,,,196
balanced_equal_shares,centralized_counter,126,partition,site-a,False,central_unreachable,0,,,196
balanced_equal_shares,centralized_counter,127,partition,site-b,True,authorized,270500,,,195
balanced_equal_shares,centralized_counter,128,partition,site-c,True,authorized,302600,,,194
balanced_equal_shares,centralized_counter,129,partition,site-a,False,central_unreachable,0,,,194
balanced_equal_shares,centralized_counter,130,partition,site-b,True,authorized,313100,,,193
balanced_equal_shares,centralized_counter,131,partition,site-c,True,authorized,295400,,,192
balanced_equal_shares,centralized_counter,132,partition,site-a,False,central_unreachable,0,,,192
balanced_equal_shares,centralized_counter,133,partition,site-b,True,authorized,285400,,,191
balanced_equal_shares,centralized_counter,134,partition,site-c,True,authorized,284000,,,190
balanced_equal_shares,centralized_counter,135,partition,site-a,False,central_unreachable,0,,,190
balanced_equal_shares,centralized_counter,136,partition,site-b,True,authorized,291300,,,189
balanced_equal_shares,centralized_counter,137,partition,site-c,True,authorized,290100,,,188
balanced_equal_shares,centralized_counter,138,partition,site-a,False,central_unreachable,0,,,188
balanced_equal_shares,centralized_counter,139,partition,site-b,True,authorized,314100,,,187
balanced_equal_shares,centralized_counter,140,partition,site-c,True,authorized,334400,,,186
balanced_equal_shares,centralized_counter,141,partition,site-a,False,central_unreachable,0,,,186
balanced_equal_shares,centralized_counter,142,partition,site-b,True,authorized,303900,,,185
balanced_equal_shares,centralized_counter,143,partition,site-c,True,authorized,273200,,,184
balanced_equal_shares,centralized_counter,144,partition,site-a,False,central_unreachable,0,,,184
balanced_equal_shares,centralized_counter,145,partition,site-b,True,authorized,277000,,,183
balanced_equal_shares,centralized_counter,146,partition,site-c,True,authorized,281800,,,182
balanced_equal_shares,centralized_counter,147,partition,site-a,False,central_unreachable,0,,,182
balanced_equal_shares,centralized_counter,148,partition,site-b,True,authorized,299100,,,181
balanced_equal_shares,centralized_counter,149,partition,site-c,True,authorized,278900,,,180
balanced_equal_shares,centralized_counter,150,partition,site-a,False,central_unreachable,0,,,180
balanced_equal_shares,centralized_counter,151,partition,site-b,True,authorized,269800,,,179
balanced_equal_shares,centralized_counter,152,partition,site-c,True,authorized,277800,,,178
balanced_equal_shares,centralized_counter,153,partition,site-a,False,central_unreachable,0,,,178
balanced_equal_shares,centralized_counter,154,partition,site-b,True,authorized,303500,,,177
balanced_equal_shares,centralized_counter,155,partition,site-c,True,authorized,331000,,,176
balanced_equal_shares,centralized_counter,156,partition,site-a,False,central_unreachable,0,,,176
balanced_equal_shares,centralized_counter,157,partition,site-b,True,authorized,274700,,,175
balanced_equal_shares,centralized_counter,158,partition,site-c,True,authorized,344900,,,174
balanced_equal_shares,centralized_counter,159,partition,site-a,False,central_unreachable,0,,,174
balanced_equal_shares,centralized_counter,160,partition,site-b,True,authorized,363400,,,173
balanced_equal_shares,centralized_counter,161,partition,site-c,True,authorized,284600,,,172
balanced_equal_shares,centralized_counter,162,partition,site-a,False,central_unreachable,0,,,172
balanced_equal_shares,centralized_counter,163,partition,site-b,True,authorized,292000,,,171
balanced_equal_shares,centralized_counter,164,partition,site-c,True,authorized,281900,,,170
balanced_equal_shares,centralized_counter,165,partition,site-a,False,central_unreachable,0,,,170
balanced_equal_shares,centralized_counter,166,partition,site-b,True,authorized,277300,,,169
balanced_equal_shares,centralized_counter,167,partition,site-c,True,authorized,280400,,,168
balanced_equal_shares,centralized_counter,168,partition,site-a,False,central_unreachable,0,,,168
balanced_equal_shares,centralized_counter,169,partition,site-b,True,authorized,269900,,,167
balanced_equal_shares,centralized_counter,170,partition,site-c,True,authorized,295200,,,166
balanced_equal_shares,centralized_counter,171,partition,site-a,False,central_unreachable,0,,,166
balanced_equal_shares,centralized_counter,172,partition,site-b,True,authorized,277900,,,165
balanced_equal_shares,centralized_counter,173,partition,site-c,True,authorized,296700,,,164
balanced_equal_shares,centralized_counter,174,partition,site-a,False,central_unreachable,0,,,164
balanced_equal_shares,centralized_counter,175,partition,site-b,True,authorized,291400,,,163
balanced_equal_shares,centralized_counter,176,partition,site-c,True,authorized,277500,,,162
balanced_equal_shares,centralized_counter,177,partition,site-a,False,central_unreachable,0,,,162
balanced_equal_shares,centralized_counter,178,partition,site-b,True,authorized,297800,,,161
balanced_equal_shares,centralized_counter,179,partition,site-c,True,authorized,321000,,,160
balanced_equal_shares,centralized_counter,180,partition,site-a,False,central_unreachable,0,,,160
balanced_equal_shares,centralized_counter,181,partition,site-b,True,authorized,281500,,,159
balanced_equal_shares,centralized_counter,182,partition,site-c,True,authorized,278900,,,158
balanced_equal_shares,centralized_counter,183,partition,site-a,False,central_unreachable,0,,,158
balanced_equal_shares,centralized_counter,184,partition,site-b,True,authorized,279800,,,157
balanced_equal_shares,centralized_counter,185,partition,site-c,True,authorized,319900,,,156
balanced_equal_shares,centralized_counter,186,partition,site-a,False,central_unreachable,0,,,156
balanced_equal_shares,centralized_counter,187,partition,site-b,True,authorized,278100,,,155
balanced_equal_shares,centralized_counter,188,partition,site-c,True,authorized,291000,,,154
balanced_equal_shares,centralized_counter,189,partition,site-a,False,central_unreachable,0,,,154
balanced_equal_shares,centralized_counter,190,partition,site-b,True,authorized,278600,,,153
balanced_equal_shares,centralized_counter,191,partition,site-c,True,authorized,291300,,,152
balanced_equal_shares,centralized_counter,192,partition,site-a,False,central_unreachable,0,,,152
balanced_equal_shares,centralized_counter,193,partition,site-b,True,authorized,311000,,,151
balanced_equal_shares,centralized_counter,194,partition,site-c,True,authorized,300600,,,150
balanced_equal_shares,centralized_counter,195,partition,site-a,False,central_unreachable,0,,,150
balanced_equal_shares,centralized_counter,196,partition,site-b,True,authorized,282600,,,149
balanced_equal_shares,centralized_counter,197,partition,site-c,True,authorized,292200,,,148
balanced_equal_shares,centralized_counter,198,partition,site-a,False,central_unreachable,0,,,148
balanced_equal_shares,centralized_counter,199,partition,site-b,True,authorized,279900,,,147
balanced_equal_shares,centralized_counter,200,partition,site-c,True,authorized,293600,,,146
balanced_equal_shares,centralized_counter,201,partition,site-a,False,central_unreachable,0,,,146
balanced_equal_shares,centralized_counter,202,partition,site-b,True,authorized,272900,,,145
balanced_equal_shares,centralized_counter,203,partition,site-c,True,authorized,273300,,,144
balanced_equal_shares,centralized_counter,204,partition,site-a,False,central_unreachable,0,,,144
balanced_equal_shares,centralized_counter,205,partition,site-b,True,authorized,292800,,,143
balanced_equal_shares,centralized_counter,206,partition,site-c,True,authorized,271100,,,142
balanced_equal_shares,centralized_counter,207,partition,site-a,False,central_unreachable,0,,,142
balanced_equal_shares,centralized_counter,208,partition,site-b,True,authorized,272700,,,141
balanced_equal_shares,centralized_counter,209,partition,site-c,True,authorized,292300,,,140
balanced_equal_shares,centralized_counter,210,recovery,site-a,True,authorized,280000,,,139
balanced_equal_shares,centralized_counter,211,recovery,site-b,True,authorized,271400,,,138
balanced_equal_shares,centralized_counter,212,recovery,site-c,True,authorized,277600,,,137
balanced_equal_shares,centralized_counter,213,recovery,site-a,True,authorized,287800,,,136
balanced_equal_shares,centralized_counter,214,recovery,site-b,True,authorized,336500,,,135
balanced_equal_shares,centralized_counter,215,recovery,site-c,True,authorized,286900,,,134
balanced_equal_shares,centralized_counter,216,recovery,site-a,True,authorized,285300,,,133
balanced_equal_shares,centralized_counter,217,recovery,site-b,True,authorized,408000,,,132
balanced_equal_shares,centralized_counter,218,recovery,site-c,True,authorized,318400,,,131
balanced_equal_shares,centralized_counter,219,recovery,site-a,True,authorized,288200,,,130
balanced_equal_shares,centralized_counter,220,recovery,site-b,True,authorized,333200,,,129
balanced_equal_shares,centralized_counter,221,recovery,site-c,True,authorized,299300,,,128
balanced_equal_shares,centralized_counter,222,recovery,site-a,True,authorized,327100,,,127
balanced_equal_shares,centralized_counter,223,recovery,site-b,True,authorized,278700,,,126
balanced_equal_shares,centralized_counter,224,recovery,site-c,True,authorized,319400,,,125
balanced_equal_shares,centralized_counter,225,recovery,site-a,True,authorized,348800,,,124
balanced_equal_shares,centralized_counter,226,recovery,site-b,True,authorized,313500,,,123
balanced_equal_shares,centralized_counter,227,recovery,site-c,True,authorized,279600,,,122
balanced_equal_shares,centralized_counter,228,recovery,site-a,True,authorized,314200,,,121
balanced_equal_shares,centralized_counter,229,recovery,site-b,True,authorized,275900,,,120
balanced_equal_shares,centralized_counter,230,recovery,site-c,True,authorized,288700,,,119
balanced_equal_shares,centralized_counter,231,recovery,site-a,True,authorized,275500,,,118
balanced_equal_shares,centralized_counter,232,recovery,site-b,True,authorized,273700,,,117
balanced_equal_shares,centralized_counter,233,recovery,site-c,True,authorized,279600,,,116
balanced_equal_shares,centralized_counter,234,recovery,site-a,True,authorized,293800,,,115
balanced_equal_shares,centralized_counter,235,recovery,site-b,True,authorized,285900,,,114
balanced_equal_shares,centralized_counter,236,recovery,site-c,True,authorized,275500,,,113
balanced_equal_shares,centralized_counter,237,recovery,site-a,True,authorized,299000,,,112
balanced_equal_shares,centralized_counter,238,recovery,site-b,True,authorized,380400,,,111
balanced_equal_shares,centralized_counter,239,recovery,site-c,True,authorized,364600,,,110
balanced_equal_shares,centralized_counter,240,recovery,site-a,True,authorized,283600,,,109
balanced_equal_shares,centralized_counter,241,recovery,site-b,True,authorized,284500,,,108
balanced_equal_shares,centralized_counter,242,recovery,site-c,True,authorized,293600,,,107
balanced_equal_shares,centralized_counter,243,recovery,site-a,True,authorized,311600,,,106
balanced_equal_shares,centralized_counter,244,recovery,site-b,True,authorized,323200,,,105
balanced_equal_shares,centralized_counter,245,recovery,site-c,True,authorized,280600,,,104
balanced_equal_shares,centralized_counter,246,recovery,site-a,True,authorized,288200,,,103
balanced_equal_shares,centralized_counter,247,recovery,site-b,True,authorized,306800,,,102
balanced_equal_shares,centralized_counter,248,recovery,site-c,True,authorized,280700,,,101
balanced_equal_shares,centralized_counter,249,recovery,site-a,True,authorized,270300,,,100
balanced_equal_shares,centralized_counter,250,recovery,site-b,True,authorized,274100,,,99
balanced_equal_shares,centralized_counter,251,recovery,site-c,True,authorized,276600,,,98
balanced_equal_shares,centralized_counter,252,recovery,site-a,True,authorized,347200,,,97
balanced_equal_shares,centralized_counter,253,recovery,site-b,True,authorized,301400,,,96
balanced_equal_shares,centralized_counter,254,recovery,site-c,True,authorized,358700,,,95
balanced_equal_shares,centralized_counter,255,recovery,site-a,True,authorized,309400,,,94
balanced_equal_shares,centralized_counter,256,recovery,site-b,True,authorized,303300,,,93
balanced_equal_shares,centralized_counter,257,recovery,site-c,True,authorized,279400,,,92
balanced_equal_shares,centralized_counter,258,recovery,site-a,True,authorized,277900,,,91
balanced_equal_shares,centralized_counter,259,recovery,site-b,True,authorized,281700,,,90
balanced_equal_shares,centralized_counter,260,recovery,site-c,True,authorized,301000,,,89
balanced_equal_shares,centralized_counter,261,recovery,site-a,True,authorized,299300,,,88
balanced_equal_shares,centralized_counter,262,recovery,site-b,True,authorized,351400,,,87
balanced_equal_shares,centralized_counter,263,recovery,site-c,True,authorized,290500,,,86
balanced_equal_shares,centralized_counter,264,recovery,site-a,True,authorized,283500,,,85
balanced_equal_shares,centralized_counter,265,recovery,site-b,True,authorized,342300,,,84
balanced_equal_shares,centralized_counter,266,recovery,site-c,True,authorized,303300,,,83
balanced_equal_shares,centralized_counter,267,recovery,site-a,True,authorized,312400,,,82
balanced_equal_shares,centralized_counter,268,recovery,site-b,True,authorized,296100,,,81
balanced_equal_shares,centralized_counter,269,recovery,site-c,True,authorized,291800,,,80
balanced_equal_shares,centralized_counter,270,recovery,site-a,True,authorized,275900,,,79
balanced_equal_shares,centralized_counter,271,recovery,site-b,True,authorized,283100,,,78
balanced_equal_shares,centralized_counter,272,recovery,site-c,True,authorized,286900,,,77
balanced_equal_shares,centralized_counter,273,recovery,site-a,True,authorized,311000,,,76
balanced_equal_shares,centralized_counter,274,recovery,site-b,True,authorized,264400,,,75
balanced_equal_shares,centralized_counter,275,recovery,site-c,True,authorized,290800,,,74
balanced_equal_shares,centralized_counter,276,recovery,site-a,True,authorized,278400,,,73
balanced_equal_shares,centralized_counter,277,recovery,site-b,True,authorized,283100,,,72
balanced_equal_shares,centralized_counter,278,recovery,site-c,True,authorized,296900,,,71
balanced_equal_shares,centralized_counter,279,recovery,site-a,True,authorized,268400,,,70
balanced_equal_shares,centralized_counter,280,recovery,site-b,True,authorized,331800,,,69
balanced_equal_shares,centralized_counter,281,recovery,site-c,True,authorized,277600,,,68
balanced_equal_shares,centralized_counter,282,recovery,site-a,True,authorized,289000,,,67
balanced_equal_shares,centralized_counter,283,recovery,site-b,True,authorized,295700,,,66
balanced_equal_shares,centralized_counter,284,recovery,site-c,True,authorized,302700,,,65
balanced_equal_shares,centralized_counter,285,recovery,site-a,True,authorized,290100,,,64
balanced_equal_shares,centralized_counter,286,recovery,site-b,True,authorized,328800,,,63
balanced_equal_shares,centralized_counter,287,recovery,site-c,True,authorized,303300,,,62
balanced_equal_shares,centralized_counter,288,recovery,site-a,True,authorized,341000,,,61
balanced_equal_shares,centralized_counter,289,recovery,site-b,True,authorized,323400,,,60
balanced_equal_shares,centralized_counter,290,recovery,site-c,True,authorized,271400,,,59
balanced_equal_shares,centralized_counter,291,recovery,site-a,True,authorized,302900,,,58
balanced_equal_shares,centralized_counter,292,recovery,site-b,True,authorized,283500,,,57
balanced_equal_shares,centralized_counter,293,recovery,site-c,True,authorized,353200,,,56
balanced_equal_shares,centralized_counter,294,recovery,site-a,True,authorized,275300,,,55
balanced_equal_shares,centralized_counter,295,recovery,site-b,True,authorized,284900,,,54
balanced_equal_shares,centralized_counter,296,recovery,site-c,True,authorized,276100,,,53
balanced_equal_shares,centralized_counter,297,recovery,site-a,True,authorized,287900,,,52
balanced_equal_shares,centralized_counter,298,recovery,site-b,True,authorized,287300,,,51
balanced_equal_shares,centralized_counter,299,recovery,site-c,True,authorized,283400,,,50
skew_equal_shares,lets,0,normal,site-a,True,authorized_and_claimed,10092100,1,299,
skew_equal_shares,lets,1,normal,site-a,True,authorized_and_claimed,11197100,2,298,
skew_equal_shares,lets,2,normal,site-b,True,authorized_and_claimed,10439100,3,297,
skew_equal_shares,lets,3,normal,site-a,True,authorized_and_claimed,10841900,4,296,
skew_equal_shares,lets,4,normal,site-c,True,authorized_and_claimed,10468300,5,295,
skew_equal_shares,lets,5,normal,site-a,True,authorized_and_claimed,10600700,6,294,
skew_equal_shares,lets,6,normal,site-a,True,authorized_and_claimed,11231700,7,293,
skew_equal_shares,lets,7,normal,site-a,True,authorized_and_claimed,11126000,8,292,
skew_equal_shares,lets,8,normal,site-b,True,authorized_and_claimed,10884300,9,291,
skew_equal_shares,lets,9,normal,site-a,True,authorized_and_claimed,10926600,10,290,
skew_equal_shares,lets,10,normal,site-a,True,authorized_and_claimed,11297700,11,289,
skew_equal_shares,lets,11,normal,site-c,True,authorized_and_claimed,10620000,12,288,
skew_equal_shares,lets,12,normal,site-a,True,authorized_and_claimed,10093800,13,287,
skew_equal_shares,lets,13,normal,site-a,True,authorized_and_claimed,11253200,14,286,
skew_equal_shares,lets,14,normal,site-a,True,authorized_and_claimed,10829400,15,285,
skew_equal_shares,lets,15,normal,site-b,True,authorized_and_claimed,10650800,16,284,
skew_equal_shares,lets,16,normal,site-a,True,authorized_and_claimed,10837900,17,283,
skew_equal_shares,lets,17,normal,site-c,True,authorized_and_claimed,10789400,18,282,
skew_equal_shares,lets,18,normal,site-a,True,authorized_and_claimed,10168500,19,281,
skew_equal_shares,lets,19,normal,site-a,True,authorized_and_claimed,10878500,20,280,
skew_equal_shares,lets,20,normal,site-a,True,authorized_and_claimed,10814700,21,279,
skew_equal_shares,lets,21,normal,site-a,True,authorized_and_claimed,11383400,22,278,
skew_equal_shares,lets,22,normal,site-b,True,authorized_and_claimed,10578900,23,277,
skew_equal_shares,lets,23,normal,site-a,True,authorized_and_claimed,10447000,24,276,
skew_equal_shares,lets,24,normal,site-c,True,authorized_and_claimed,10530200,25,275,
skew_equal_shares,lets,25,normal,site-a,True,authorized_and_claimed,10077400,26,274,
skew_equal_shares,lets,26,normal,site-a,True,authorized_and_claimed,10703000,27,273,
skew_equal_shares,lets,27,normal,site-a,True,authorized_and_claimed,11134800,28,272,
skew_equal_shares,lets,28,normal,site-b,True,authorized_and_claimed,11317700,29,271,
skew_equal_shares,lets,29,normal,site-a,True,authorized_and_claimed,10853800,30,270,
skew_equal_shares,lets,30,normal,site-a,True,authorized_and_claimed,11099600,31,269,
skew_equal_shares,lets,31,normal,site-c,True,authorized_and_claimed,10891900,32,268,
skew_equal_shares,lets,32,normal,site-a,True,authorized_and_claimed,10701700,33,267,
skew_equal_shares,lets,33,normal,site-a,True,authorized_and_claimed,11013900,34,266,
skew_equal_shares,lets,34,normal,site-a,True,authorized_and_claimed,11168700,35,265,
skew_equal_shares,lets,35,normal,site-b,True,authorized_and_claimed,11026900,36,264,
skew_equal_shares,lets,36,normal,site-a,True,authorized_and_claimed,10882700,37,263,
skew_equal_shares,lets,37,normal,site-c,True,authorized_and_claimed,12274800,38,262,
skew_equal_shares,lets,38,normal,site-a,True,authorized_and_claimed,10508900,39,261,
skew_equal_shares,lets,39,normal,site-a,True,authorized_and_claimed,11293200,40,260,
skew_equal_shares,lets,40,normal,site-a,True,authorized_and_claimed,11189400,41,259,
skew_equal_shares,lets,41,normal,site-a,True,authorized_and_claimed,10994800,42,258,
skew_equal_shares,lets,42,normal,site-b,True,authorized_and_claimed,11013300,43,257,
skew_equal_shares,lets,43,normal,site-a,True,authorized_and_claimed,10839100,44,256,
skew_equal_shares,lets,44,normal,site-c,True,authorized_and_claimed,11271400,45,255,
skew_equal_shares,lets,45,normal,site-a,True,authorized_and_claimed,10464300,46,254,
skew_equal_shares,lets,46,normal,site-a,True,authorized_and_claimed,11315700,47,253,
skew_equal_shares,lets,47,normal,site-a,True,authorized_and_claimed,11120400,48,252,
skew_equal_shares,lets,48,normal,site-b,True,authorized_and_claimed,10831200,49,251,
skew_equal_shares,lets,49,normal,site-a,True,authorized_and_claimed,11018800,50,250,
skew_equal_shares,lets,50,normal,site-a,True,authorized_and_claimed,11392800,51,249,
skew_equal_shares,lets,51,normal,site-c,True,authorized_and_claimed,11436700,52,248,
skew_equal_shares,lets,52,normal,site-a,True,authorized_and_claimed,10731200,53,247,
skew_equal_shares,lets,53,normal,site-a,True,authorized_and_claimed,12485000,54,246,
skew_equal_shares,lets,54,normal,site-a,True,authorized_and_claimed,11160100,55,245,
skew_equal_shares,lets,55,normal,site-b,True,authorized_and_claimed,11256200,56,244,
skew_equal_shares,lets,56,normal,site-a,True,authorized_and_claimed,11595600,57,243,
skew_equal_shares,lets,57,normal,site-c,True,authorized_and_claimed,11210000,58,242,
skew_equal_shares,lets,58,normal,site-a,True,authorized_and_claimed,11531600,59,241,
skew_equal_shares,lets,59,normal,site-a,True,authorized_and_claimed,11475400,60,240,
skew_equal_shares,lets,60,partition,site-a,True,authorized_and_claimed,11183300,61,239,
skew_equal_shares,lets,61,partition,site-a,True,authorized_and_claimed,11304000,62,238,
skew_equal_shares,lets,62,partition,site-b,True,authorized_and_claimed,10950600,63,237,
skew_equal_shares,lets,63,partition,site-a,True,authorized_and_claimed,11456900,64,236,
skew_equal_shares,lets,64,partition,site-c,True,authorized_and_claimed,11240800,65,235,
skew_equal_shares,lets,65,partition,site-a,True,authorized_and_claimed,10800700,66,234,
skew_equal_shares,lets,66,partition,site-a,True,authorized_and_claimed,11568000,67,233,
skew_equal_shares,lets,67,partition,site-a,True,authorized_and_claimed,11489300,68,232,
skew_equal_shares,lets,68,partition,site-b,True,authorized_and_claimed,11040200,69,231,
skew_equal_shares,lets,69,partition,site-a,True,authorized_and_claimed,11301400,70,230,
skew_equal_shares,lets,70,partition,site-a,True,authorized_and_claimed,11377400,71,229,
skew_equal_shares,lets,71,partition,site-c,True,authorized_and_claimed,11333900,72,228,
skew_equal_shares,lets,72,partition,site-a,True,authorized_and_claimed,10474300,73,227,
skew_equal_shares,lets,73,partition,site-a,True,authorized_and_claimed,11340000,74,226,
skew_equal_shares,lets,74,partition,site-a,True,authorized_and_claimed,11162800,75,225,
skew_equal_shares,lets,75,partition,site-b,True,authorized_and_claimed,10948800,76,224,
skew_equal_shares,lets,76,partition,site-a,True,authorized_and_claimed,10886200,77,223,
skew_equal_shares,lets,77,partition,site-c,True,authorized_and_claimed,10851500,78,222,
skew_equal_shares,lets,78,partition,site-a,True,authorized_and_claimed,10407800,79,221,
skew_equal_shares,lets,79,partition,site-a,True,authorized_and_claimed,11938300,80,220,
skew_equal_shares,lets,80,partition,site-a,True,authorized_and_claimed,11728900,81,219,
skew_equal_shares,lets,81,partition,site-a,True,authorized_and_claimed,11709300,82,218,
skew_equal_shares,lets,82,partition,site-b,True,authorized_and_claimed,11554200,83,217,
skew_equal_shares,lets,83,partition,site-a,True,authorized_and_claimed,11367600,84,216,
skew_equal_shares,lets,84,partition,site-c,True,authorized_and_claimed,10957900,85,215,
skew_equal_shares,lets,85,partition,site-a,True,authorized_and_claimed,10946300,86,214,
skew_equal_shares,lets,86,partition,site-a,True,authorized_and_claimed,11254100,87,213,
skew_equal_shares,lets,87,partition,site-a,True,authorized_and_claimed,11826900,88,212,
skew_equal_shares,lets,88,partition,site-b,True,authorized_and_claimed,11211600,89,211,
skew_equal_shares,lets,89,partition,site-a,True,authorized_and_claimed,11075500,90,210,
skew_equal_shares,lets,90,partition,site-a,True,authorized_and_claimed,12032100,91,209,
skew_equal_shares,lets,91,partition,site-c,True,authorized_and_claimed,11003700,92,208,
skew_equal_shares,lets,92,partition,site-a,True,authorized_and_claimed,10809500,93,207,
skew_equal_shares,lets,93,partition,site-a,True,authorized_and_claimed,11840000,94,206,
skew_equal_shares,lets,94,partition,site-a,True,authorized_and_claimed,11705300,95,205,
skew_equal_shares,lets,95,partition,site-b,True,authorized_and_claimed,10954900,96,204,
skew_equal_shares,lets,96,partition,site-a,True,authorized_and_claimed,11049900,97,203,
skew_equal_shares,lets,97,partition,site-c,True,authorized_and_claimed,10693900,98,202,
skew_equal_shares,lets,98,partition,site-a,True,authorized_and_claimed,10743100,99,201,
skew_equal_shares,lets,99,partition,site-a,True,authorized_and_claimed,12282200,100,200,
skew_equal_shares,lets,100,partition,site-a,True,authorized_and_claimed,11364500,101,199,
skew_equal_shares,lets,101,partition,site-a,True,authorized_and_claimed,12022800,102,198,
skew_equal_shares,lets,102,partition,site-b,True,authorized_and_claimed,11232700,103,197,
skew_equal_shares,lets,103,partition,site-a,True,authorized_and_claimed,11663200,104,196,
skew_equal_shares,lets,104,partition,site-c,True,authorized_and_claimed,11700900,105,195,
skew_equal_shares,lets,105,partition,site-a,True,authorized_and_claimed,11012600,106,194,
skew_equal_shares,lets,106,partition,site-a,True,authorized_and_claimed,11890400,107,193,
skew_equal_shares,lets,107,partition,site-a,True,authorized_and_claimed,11737000,108,192,
skew_equal_shares,lets,108,partition,site-b,True,authorized_and_claimed,11585500,109,191,
skew_equal_shares,lets,109,partition,site-a,True,authorized_and_claimed,11709400,110,190,
skew_equal_shares,lets,110,partition,site-a,True,authorized_and_claimed,11699800,111,189,
skew_equal_shares,lets,111,partition,site-c,True,authorized_and_claimed,11025300,112,188,
skew_equal_shares,lets,112,partition,site-a,True,authorized_and_claimed,10710700,113,187,
skew_equal_shares,lets,113,partition,site-a,True,authorized_and_claimed,12196600,114,186,
skew_equal_shares,lets,114,partition,site-a,True,authorized_and_claimed,12305000,115,185,
skew_equal_shares,lets,115,partition,site-b,True,authorized_and_claimed,12236200,116,184,
skew_equal_shares,lets,116,partition,site-a,True,authorized_and_claimed,12053300,117,183,
skew_equal_shares,lets,117,partition,site-c,True,authorized_and_claimed,10980700,118,182,
skew_equal_shares,lets,118,partition,site-a,True,authorized_and_claimed,11153200,119,181,
skew_equal_shares,lets,119,partition,site-a,True,authorized_and_claimed,11876200,120,180,
skew_equal_shares,lets,120,partition,site-a,True,authorized_and_claimed,11784900,121,179,
skew_equal_shares,lets,121,partition,site-a,True,authorized_and_claimed,11876200,122,178,
skew_equal_shares,lets,122,partition,site-b,True,authorized_and_claimed,11026900,123,177,
skew_equal_shares,lets,123,partition,site-a,True,authorized_and_claimed,13200400,124,176,
skew_equal_shares,lets,124,partition,site-c,True,authorized_and_claimed,11191700,125,175,
skew_equal_shares,lets,125,partition,site-a,True,authorized_and_claimed,11810100,126,174,
skew_equal_shares,lets,126,partition,site-a,True,authorized_and_claimed,12014400,127,173,
skew_equal_shares,lets,127,partition,site-a,True,authorized_and_claimed,11435800,128,172,
skew_equal_shares,lets,128,partition,site-b,True,authorized_and_claimed,11390300,129,171,
skew_equal_shares,lets,129,partition,site-a,True,authorized_and_claimed,11948800,130,170,
skew_equal_shares,lets,130,partition,site-a,True,authorized_and_claimed,11742700,131,169,
skew_equal_shares,lets,131,partition,site-c,True,authorized_and_claimed,11347900,132,168,
skew_equal_shares,lets,132,partition,site-a,True,authorized_and_claimed,11969000,133,167,
skew_equal_shares,lets,133,partition,site-a,True,authorized_and_claimed,13792300,134,166,
skew_equal_shares,lets,134,partition,site-a,True,authorized_and_claimed,11669000,135,165,
skew_equal_shares,lets,135,partition,site-b,True,authorized_and_claimed,12293400,136,164,
skew_equal_shares,lets,136,partition,site-a,True,authorized_and_claimed,12233600,137,163,
skew_equal_shares,lets,137,partition,site-c,True,authorized_and_claimed,11612900,138,162,
skew_equal_shares,lets,138,partition,site-a,True,authorized_and_claimed,13194200,139,161,
skew_equal_shares,lets,139,partition,site-a,True,authorized_and_claimed,11688900,140,160,
skew_equal_shares,lets,140,partition,site-a,True,authorized_and_claimed,13030100,141,159,
skew_equal_shares,lets,141,partition,site-a,True,authorized_and_claimed,12001100,142,158,
skew_equal_shares,lets,142,partition,site-b,True,authorized_and_claimed,12164800,143,157,
skew_equal_shares,lets,143,partition,site-a,False,policy_denied,3388800,143,157,
skew_equal_shares,lets,144,partition,site-c,True,authorized_and_claimed,11582000,144,156,
skew_equal_shares,lets,145,partition,site-a,False,policy_denied,3252800,144,156,
skew_equal_shares,lets,146,partition,site-a,False,policy_denied,3009900,144,156,
skew_equal_shares,lets,147,partition,site-a,False,policy_denied,2936800,144,156,
skew_equal_shares,lets,148,partition,site-b,True,authorized_and_claimed,11410500,145,155,
skew_equal_shares,lets,149,partition,site-a,False,policy_denied,3119500,145,155,
skew_equal_shares,lets,150,partition,site-a,False,policy_denied,3775300,145,155,
skew_equal_shares,lets,151,partition,site-c,True,authorized_and_claimed,11654600,146,154,
skew_equal_shares,lets,152,partition,site-a,False,policy_denied,2953400,146,154,
skew_equal_shares,lets,153,partition,site-a,False,policy_denied,3744400,146,154,
skew_equal_shares,lets,154,partition,site-a,False,policy_denied,3119100,146,154,
skew_equal_shares,lets,155,partition,site-b,True,authorized_and_claimed,10855100,147,153,
skew_equal_shares,lets,156,partition,site-a,False,policy_denied,3374100,147,153,
skew_equal_shares,lets,157,partition,site-c,True,authorized_and_claimed,11742700,148,152,
skew_equal_shares,lets,158,partition,site-a,False,policy_denied,2935100,148,152,
skew_equal_shares,lets,159,partition,site-a,False,policy_denied,3888000,148,152,
skew_equal_shares,lets,160,partition,site-a,False,policy_denied,3558200,148,152,
skew_equal_shares,lets,161,partition,site-a,False,policy_denied,3111400,148,152,
skew_equal_shares,lets,162,partition,site-b,True,authorized_and_claimed,12107300,149,151,
skew_equal_shares,lets,163,partition,site-a,False,policy_denied,3043400,149,151,
skew_equal_shares,lets,164,partition,site-c,True,authorized_and_claimed,11993900,150,150,
skew_equal_shares,lets,165,partition,site-a,False,policy_denied,3202700,150,150,
skew_equal_shares,lets,166,partition,site-a,False,policy_denied,3489200,150,150,
skew_equal_shares,lets,167,partition,site-a,False,policy_denied,3210600,150,150,
skew_equal_shares,lets,168,partition,site-b,True,authorized_and_claimed,12102800,151,149,
skew_equal_shares,lets,169,partition,site-a,False,policy_denied,4003300,151,149,
skew_equal_shares,lets,170,partition,site-a,False,policy_denied,2914400,151,149,
skew_equal_shares,lets,171,partition,site-c,True,authorized_and_claimed,11339600,152,148,
skew_equal_shares,lets,172,partition,site-a,False,policy_denied,2930400,152,148,
skew_equal_shares,lets,173,partition,site-a,False,policy_denied,3139400,152,148,
skew_equal_shares,lets,174,partition,site-a,False,policy_denied,3113600,152,148,
skew_equal_shares,lets,175,partition,site-b,True,authorized_and_claimed,10946300,153,147,
skew_equal_shares,lets,176,partition,site-a,False,policy_denied,3558900,153,147,
skew_equal_shares,lets,177,partition,site-c,True,authorized_and_claimed,11056800,154,146,
skew_equal_shares,lets,178,partition,site-a,False,policy_denied,3785900,154,146,
skew_equal_shares,lets,179,partition,site-a,False,policy_denied,2965900,154,146,
skew_equal_shares,lets,180,partition,site-a,False,policy_denied,3108700,154,146,
skew_equal_shares,lets,181,partition,site-a,False,policy_denied,3033200,154,146,
skew_equal_shares,lets,182,partition,site-b,True,authorized_and_claimed,11186000,155,145,
skew_equal_shares,lets,183,partition,site-a,False,policy_denied,3611800,155,145,
skew_equal_shares,lets,184,partition,site-c,True,authorized_and_claimed,11290000,156,144,
skew_equal_shares,lets,185,partition,site-a,False,policy_denied,3006300,156,144,
skew_equal_shares,lets,186,partition,site-a,False,policy_denied,2942400,156,144,
skew_equal_shares,lets,187,partition,site-a,False,policy_denied,3116600,156,144,
skew_equal_shares,lets,188,partition,site-b,True,authorized_and_claimed,11562100,157,143,
skew_equal_shares,lets,189,partition,site-a,False,policy_denied,3571500,157,143,
skew_equal_shares,lets,190,partition,site-a,False,policy_denied,2921300,157,143,
skew_equal_shares,lets,191,partition,site-c,True,authorized_and_claimed,12192100,158,142,
skew_equal_shares,lets,192,partition,site-a,False,policy_denied,3079600,158,142,
skew_equal_shares,lets,193,partition,site-a,False,policy_denied,3128000,158,142,
skew_equal_shares,lets,194,partition,site-a,False,policy_denied,3005200,158,142,
skew_equal_shares,lets,195,partition,site-b,True,authorized_and_claimed,11231400,159,141,
skew_equal_shares,lets,196,partition,site-a,False,policy_denied,3593400,159,141,
skew_equal_shares,lets,197,partition,site-c,True,authorized_and_claimed,11545100,160,140,
skew_equal_shares,lets,198,partition,site-a,False,policy_denied,3009700,160,140,
skew_equal_shares,lets,199,partition,site-a,False,policy_denied,2962900,160,140,
skew_equal_shares,lets,200,partition,site-a,False,policy_denied,3217500,160,140,
skew_equal_shares,lets,201,partition,site-a,False,policy_denied,2852600,160,140,
skew_equal_shares,lets,202,partition,site-b,True,authorized_and_claimed,10965800,161,139,
skew_equal_shares,lets,203,partition,site-a,False,policy_denied,3511200,161,139,
skew_equal_shares,lets,204,partition,site-c,True,authorized_and_claimed,10574700,162,138,
skew_equal_shares,lets,205,partition,site-a,False,policy_denied,3038900,162,138,
skew_equal_shares,lets,206,partition,site-a,False,policy_denied,2936800,162,138,
skew_equal_shares,lets,207,partition,site-a,False,policy_denied,2974700,162,138,
skew_equal_shares,lets,208,partition,site-b,True,authorized_and_claimed,11516200,163,137,
skew_equal_shares,lets,209,partition,site-a,False,policy_denied,3513000,163,137,
skew_equal_shares,lets,210,recovery,site-a,True,authorized_and_claimed,11022500,164,136,
skew_equal_shares,lets,211,recovery,site-c,True,authorized_and_claimed,10065400,165,135,
skew_equal_shares,lets,212,recovery,site-a,True,authorized_and_claimed,11515400,166,134,
skew_equal_shares,lets,213,recovery,site-a,True,authorized_and_claimed,11772600,167,133,
skew_equal_shares,lets,214,recovery,site-a,True,authorized_and_claimed,11504900,168,132,
skew_equal_shares,lets,215,recovery,site-b,True,authorized_and_claimed,11404100,169,131,
skew_equal_shares,lets,216,recovery,site-a,True,authorized_and_claimed,11800900,170,130,
skew_equal_shares,lets,217,recovery,site-c,True,authorized_and_claimed,11753100,171,129,
skew_equal_shares,lets,218,recovery,site-a,True,authorized_and_claimed,11175100,172,128,
skew_equal_shares,lets,219,recovery,site-a,True,authorized_and_claimed,27200000,173,127,
skew_equal_shares,lets,220,recovery,site-a,True,authorized_and_claimed,12802700,174,126,
skew_equal_shares,lets,221,recovery,site-a,True,authorized_and_claimed,11681300,175,125,
skew_equal_shares,lets,222,recovery,site-b,True,authorized_and_claimed,10887900,176,124,
skew_equal_shares,lets,223,recovery,site-a,True,authorized_and_claimed,11151100,177,123,
skew_equal_shares,lets,224,recovery,site-c,True,authorized_and_claimed,11103000,178,122,
skew_equal_shares,lets,225,recovery,site-a,True,authorized_and_claimed,10841800,179,121,
skew_equal_shares,lets,226,recovery,site-a,True,authorized_and_claimed,11684900,180,120,
skew_equal_shares,lets,227,recovery,site-a,True,authorized_and_claimed,11694000,181,119,
skew_equal_shares,lets,228,recovery,site-b,True,authorized_and_claimed,11747000,182,118,
skew_equal_shares,lets,229,recovery,site-a,True,authorized_and_claimed,11358300,183,117,
skew_equal_shares,lets,230,recovery,site-a,True,authorized_and_claimed,11958300,184,116,
skew_equal_shares,lets,231,recovery,site-c,True,authorized_and_claimed,11564400,185,115,
skew_equal_shares,lets,232,recovery,site-a,True,authorized_and_claimed,11074000,186,114,
skew_equal_shares,lets,233,recovery,site-a,True,authorized_and_claimed,11813800,187,113,
skew_equal_shares,lets,234,recovery,site-a,True,authorized_and_claimed,13759500,188,112,
skew_equal_shares,lets,235,recovery,site-b,True,authorized_and_claimed,11635000,189,111,
skew_equal_shares,lets,236,recovery,site-a,True,authorized_and_claimed,12092200,190,110,
skew_equal_shares,lets,237,recovery,site-c,True,authorized_and_claimed,11820200,191,109,
skew_equal_shares,lets,238,recovery,site-a,True,authorized_and_claimed,11541500,192,108,
skew_equal_shares,lets,239,recovery,site-a,True,authorized_and_claimed,13007600,193,107,
skew_equal_shares,lets,240,recovery,site-a,True,authorized_and_claimed,12001200,194,106,
skew_equal_shares,lets,241,recovery,site-a,True,authorized_and_claimed,11779800,195,105,
skew_equal_shares,lets,242,recovery,site-b,True,authorized_and_claimed,11605600,196,104,
skew_equal_shares,lets,243,recovery,site-a,True,authorized_and_claimed,12704400,197,103,
skew_equal_shares,lets,244,recovery,site-c,True,authorized_and_claimed,11518600,198,102,
skew_equal_shares,lets,245,recovery,site-a,True,authorized_and_claimed,10969800,199,101,
skew_equal_shares,lets,246,recovery,site-a,True,authorized_and_claimed,12186000,200,100,
skew_equal_shares,lets,247,recovery,site-a,True,authorized_and_claimed,12734800,201,99,
skew_equal_shares,lets,248,recovery,site-b,True,authorized_and_claimed,11775200,202,98,
skew_equal_shares,lets,249,recovery,site-a,True,authorized_and_claimed,11637700,203,97,
skew_equal_shares,lets,250,recovery,site-a,True,authorized_and_claimed,12442500,204,96,
skew_equal_shares,lets,251,recovery,site-c,True,authorized_and_claimed,12512500,205,95,
skew_equal_shares,lets,252,recovery,site-a,True,authorized_and_claimed,11855000,206,94,
skew_equal_shares,lets,253,recovery,site-a,True,authorized_and_claimed,12430800,207,93,
skew_equal_shares,lets,254,recovery,site-a,True,authorized_and_claimed,12334900,208,92,
skew_equal_shares,lets,255,recovery,site-b,True,authorized_and_claimed,12107000,209,91,
skew_equal_shares,lets,256,recovery,site-a,True,authorized_and_claimed,12556300,210,90,
skew_equal_shares,lets,257,recovery,site-c,True,authorized_and_claimed,12857300,211,89,
skew_equal_shares,lets,258,recovery,site-a,True,authorized_and_claimed,12494300,212,88,
skew_equal_shares,lets,259,recovery,site-a,True,authorized_and_claimed,12628100,213,87,
skew_equal_shares,lets,260,recovery,site-a,True,authorized_and_claimed,11712400,214,86,
skew_equal_shares,lets,261,recovery,site-a,True,authorized_and_claimed,11362900,215,85,
skew_equal_shares,lets,262,recovery,site-b,True,authorized_and_claimed,11725400,216,84,
skew_equal_shares,lets,263,recovery,site-a,True,authorized_and_claimed,11989600,217,83,
skew_equal_shares,lets,264,recovery,site-c,True,authorized_and_claimed,12941200,218,82,
skew_equal_shares,lets,265,recovery,site-a,True,authorized_and_claimed,12067400,219,81,
skew_equal_shares,lets,266,recovery,site-a,True,authorized_and_claimed,11787000,220,80,
skew_equal_shares,lets,267,recovery,site-a,True,authorized_and_claimed,11822500,221,79,
skew_equal_shares,lets,268,recovery,site-b,True,authorized_and_claimed,12683600,222,78,
skew_equal_shares,lets,269,recovery,site-a,True,authorized_and_claimed,11477300,223,77,
skew_equal_shares,lets,270,recovery,site-a,True,authorized_and_claimed,12168200,224,76,
skew_equal_shares,lets,271,recovery,site-c,True,authorized_and_claimed,11622600,225,75,
skew_equal_shares,lets,272,recovery,site-a,True,authorized_and_claimed,10828300,226,74,
skew_equal_shares,lets,273,recovery,site-a,True,authorized_and_claimed,12031200,227,73,
skew_equal_shares,lets,274,recovery,site-a,True,authorized_and_claimed,11764300,228,72,
skew_equal_shares,lets,275,recovery,site-b,True,authorized_and_claimed,11686600,229,71,
skew_equal_shares,lets,276,recovery,site-a,True,authorized_and_claimed,11831900,230,70,
skew_equal_shares,lets,277,recovery,site-c,True,authorized_and_claimed,11935200,231,69,
skew_equal_shares,lets,278,recovery,site-a,True,authorized_and_claimed,11542800,232,68,
skew_equal_shares,lets,279,recovery,site-a,True,authorized_and_claimed,12265700,233,67,
skew_equal_shares,lets,280,recovery,site-a,True,authorized_and_claimed,12239800,234,66,
skew_equal_shares,lets,281,recovery,site-a,True,authorized_and_claimed,12310000,235,65,
skew_equal_shares,lets,282,recovery,site-b,True,authorized_and_claimed,11603200,236,64,
skew_equal_shares,lets,283,recovery,site-a,True,authorized_and_claimed,11677500,237,63,
skew_equal_shares,lets,284,recovery,site-c,True,authorized_and_claimed,12172000,238,62,
skew_equal_shares,lets,285,recovery,site-a,True,authorized_and_claimed,12256600,239,61,
skew_equal_shares,lets,286,recovery,site-a,True,authorized_and_claimed,12044600,240,60,
skew_equal_shares,lets,287,recovery,site-a,True,authorized_and_claimed,12251500,241,59,
skew_equal_shares,lets,288,recovery,site-b,True,authorized_and_claimed,11878700,242,58,
skew_equal_shares,lets,289,recovery,site-a,True,authorized_and_claimed,12154700,243,57,
skew_equal_shares,lets,290,recovery,site-a,True,authorized_and_claimed,11838400,244,56,
skew_equal_shares,lets,291,recovery,site-c,True,authorized_and_claimed,11909600,245,55,
skew_equal_shares,lets,292,recovery,site-a,True,authorized_and_claimed,12341200,246,54,
skew_equal_shares,lets,293,recovery,site-a,True,authorized_and_claimed,11928300,247,53,
skew_equal_shares,lets,294,recovery,site-a,True,authorized_and_claimed,12130000,248,52,
skew_equal_shares,lets,295,recovery,site-b,True,authorized_and_claimed,11598800,249,51,
skew_equal_shares,lets,296,recovery,site-a,True,authorized_and_claimed,12052800,250,50,
skew_equal_shares,lets,297,recovery,site-c,True,authorized_and_claimed,11504700,251,49,
skew_equal_shares,lets,298,recovery,site-a,True,authorized_and_claimed,11466000,252,48,
skew_equal_shares,lets,299,recovery,site-a,True,authorized_and_claimed,12859200,253,47,
skew_equal_shares,centralized_counter,0,normal,site-a,True,authorized,381000,,,299
skew_equal_shares,centralized_counter,1,normal,site-a,True,authorized,286500,,,298
skew_equal_shares,centralized_counter,2,normal,site-b,True,authorized,277800,,,297
skew_equal_shares,centralized_counter,3,normal,site-a,True,authorized,354300,,,296
skew_equal_shares,centralized_counter,4,normal,site-c,True,authorized,329100,,,295
skew_equal_shares,centralized_counter,5,normal,site-a,True,authorized,266700,,,294
skew_equal_shares,centralized_counter,6,normal,site-a,True,authorized,288100,,,293
skew_equal_shares,centralized_counter,7,normal,site-a,True,authorized,269000,,,292
skew_equal_shares,centralized_counter,8,normal,site-b,True,authorized,277200,,,291
skew_equal_shares,centralized_counter,9,normal,site-a,True,authorized,276700,,,290
skew_equal_shares,centralized_counter,10,normal,site-a,True,authorized,275500,,,289
skew_equal_shares,centralized_counter,11,normal,site-c,True,authorized,257700,,,288
skew_equal_shares,centralized_counter,12,normal,site-a,True,authorized,294900,,,287
skew_equal_shares,centralized_counter,13,normal,site-a,True,authorized,283300,,,286
skew_equal_shares,centralized_counter,14,normal,site-a,True,authorized,275900,,,285
skew_equal_shares,centralized_counter,15,normal,site-b,True,authorized,280700,,,284
skew_equal_shares,centralized_counter,16,normal,site-a,True,authorized,271800,,,283
skew_equal_shares,centralized_counter,17,normal,site-c,True,authorized,274300,,,282
skew_equal_shares,centralized_counter,18,normal,site-a,True,authorized,275000,,,281
skew_equal_shares,centralized_counter,19,normal,site-a,True,authorized,297400,,,280
skew_equal_shares,centralized_counter,20,normal,site-a,True,authorized,276400,,,279
skew_equal_shares,centralized_counter,21,normal,site-a,True,authorized,266500,,,278
skew_equal_shares,centralized_counter,22,normal,site-b,True,authorized,281500,,,277
skew_equal_shares,centralized_counter,23,normal,site-a,True,authorized,291300,,,276
skew_equal_shares,centralized_counter,24,normal,site-c,True,authorized,339300,,,275
skew_equal_shares,centralized_counter,25,normal,site-a,True,authorized,360700,,,274
skew_equal_shares,centralized_counter,26,normal,site-a,True,authorized,327700,,,273
skew_equal_shares,centralized_counter,27,normal,site-a,True,authorized,328200,,,272
skew_equal_shares,centralized_counter,28,normal,site-b,True,authorized,323300,,,271
skew_equal_shares,centralized_counter,29,normal,site-a,True,authorized,290400,,,270
skew_equal_shares,centralized_counter,30,normal,site-a,True,authorized,277900,,,269
skew_equal_shares,centralized_counter,31,normal,site-c,True,authorized,268600,,,268
skew_equal_shares,centralized_counter,32,normal,site-a,True,authorized,283500,,,267
skew_equal_shares,centralized_counter,33,normal,site-a,True,authorized,274400,,,266
skew_equal_shares,centralized_counter,34,normal,site-a,True,authorized,314100,,,265
skew_equal_shares,centralized_counter,35,normal,site-b,True,authorized,288300,,,264
skew_equal_shares,centralized_counter,36,normal,site-a,True,authorized,275000,,,263
skew_equal_shares,centralized_counter,37,normal,site-c,True,authorized,266200,,,262
skew_equal_shares,centralized_counter,38,normal,site-a,True,authorized,278000,,,261
skew_equal_shares,centralized_counter,39,normal,site-a,True,authorized,276100,,,260
skew_equal_shares,centralized_counter,40,normal,site-a,True,authorized,306400,,,259
skew_equal_shares,centralized_counter,41,normal,site-a,True,authorized,278900,,,258
skew_equal_shares,centralized_counter,42,normal,site-b,True,authorized,297500,,,257
skew_equal_shares,centralized_counter,43,normal,site-a,True,authorized,271800,,,256
skew_equal_shares,centralized_counter,44,normal,site-c,True,authorized,286400,,,255
skew_equal_shares,centralized_counter,45,normal,site-a,True,authorized,298000,,,254
skew_equal_shares,centralized_counter,46,normal,site-a,True,authorized,301400,,,253
skew_equal_shares,centralized_counter,47,normal,site-a,True,authorized,290300,,,252
skew_equal_shares,centralized_counter,48,normal,site-b,True,authorized,290100,,,251
skew_equal_shares,centralized_counter,49,normal,site-a,True,authorized,278100,,,250
skew_equal_shares,centralized_counter,50,normal,site-a,True,authorized,280000,,,249
skew_equal_shares,centralized_counter,51,normal,site-c,True,authorized,311700,,,248
skew_equal_shares,centralized_counter,52,normal,site-a,True,authorized,300600,,,247
skew_equal_shares,centralized_counter,53,normal,site-a,True,authorized,276900,,,246
skew_equal_shares,centralized_counter,54,normal,site-a,True,authorized,268900,,,245
skew_equal_shares,centralized_counter,55,normal,site-b,True,authorized,275400,,,244
skew_equal_shares,centralized_counter,56,normal,site-a,True,authorized,274700,,,243
skew_equal_shares,centralized_counter,57,normal,site-c,True,authorized,284200,,,242
skew_equal_shares,centralized_counter,58,normal,site-a,True,authorized,304800,,,241
skew_equal_shares,centralized_counter,59,normal,site-a,True,authorized,277400,,,240
skew_equal_shares,centralized_counter,60,partition,site-a,False,central_unreachable,0,,,240
skew_equal_shares,centralized_counter,61,partition,site-a,False,central_unreachable,0,,,240
skew_equal_shares,centralized_counter,62,partition,site-b,True,authorized,270700,,,239
skew_equal_shares,centralized_counter,63,partition,site-a,False,central_unreachable,0,,,239
skew_equal_shares,centralized_counter,64,partition,site-c,True,authorized,299200,,,238
skew_equal_shares,centralized_counter,65,partition,site-a,False,central_unreachable,0,,,238
skew_equal_shares,centralized_counter,66,partition,site-a,False,central_unreachable,0,,,238
skew_equal_shares,centralized_counter,67,partition,site-a,False,central_unreachable,0,,,238
skew_equal_shares,centralized_counter,68,partition,site-b,True,authorized,272900,,,237
skew_equal_shares,centralized_counter,69,partition,site-a,False,central_unreachable,0,,,237
skew_equal_shares,centralized_counter,70,partition,site-a,False,central_unreachable,0,,,237
skew_equal_shares,centralized_counter,71,partition,site-c,True,authorized,270700,,,236
skew_equal_shares,centralized_counter,72,partition,site-a,False,central_unreachable,0,,,236
skew_equal_shares,centralized_counter,73,partition,site-a,False,central_unreachable,0,,,236
skew_equal_shares,centralized_counter,74,partition,site-a,False,central_unreachable,0,,,236
skew_equal_shares,centralized_counter,75,partition,site-b,True,authorized,272700,,,235
skew_equal_shares,centralized_counter,76,partition,site-a,False,central_unreachable,0,,,235
skew_equal_shares,centralized_counter,77,partition,site-c,True,authorized,273500,,,234
skew_equal_shares,centralized_counter,78,partition,site-a,False,central_unreachable,0,,,234
skew_equal_shares,centralized_counter,79,partition,site-a,False,central_unreachable,0,,,234
skew_equal_shares,centralized_counter,80,partition,site-a,False,central_unreachable,0,,,234
skew_equal_shares,centralized_counter,81,partition,site-a,False,central_unreachable,0,,,234
skew_equal_shares,centralized_counter,82,partition,site-b,True,authorized,283900,,,233
skew_equal_shares,centralized_counter,83,partition,site-a,False,central_unreachable,0,,,233
skew_equal_shares,centralized_counter,84,partition,site-c,True,authorized,277300,,,232
skew_equal_shares,centralized_counter,85,partition,site-a,False,central_unreachable,0,,,232
skew_equal_shares,centralized_counter,86,partition,site-a,False,central_unreachable,0,,,232
skew_equal_shares,centralized_counter,87,partition,site-a,False,central_unreachable,0,,,232
skew_equal_shares,centralized_counter,88,partition,site-b,True,authorized,302400,,,231
skew_equal_shares,centralized_counter,89,partition,site-a,False,central_unreachable,0,,,231
skew_equal_shares,centralized_counter,90,partition,site-a,False,central_unreachable,0,,,231
skew_equal_shares,centralized_counter,91,partition,site-c,True,authorized,282900,,,230
skew_equal_shares,centralized_counter,92,partition,site-a,False,central_unreachable,0,,,230
skew_equal_shares,centralized_counter,93,partition,site-a,False,central_unreachable,0,,,230
skew_equal_shares,centralized_counter,94,partition,site-a,False,central_unreachable,0,,,230
skew_equal_shares,centralized_counter,95,partition,site-b,True,authorized,277500,,,229
skew_equal_shares,centralized_counter,96,partition,site-a,False,central_unreachable,0,,,229
skew_equal_shares,centralized_counter,97,partition,site-c,True,authorized,289700,,,228
skew_equal_shares,centralized_counter,98,partition,site-a,False,central_unreachable,0,,,228
skew_equal_shares,centralized_counter,99,partition,site-a,False,central_unreachable,0,,,228
skew_equal_shares,centralized_counter,100,partition,site-a,False,central_unreachable,0,,,228
skew_equal_shares,centralized_counter,101,partition,site-a,False,central_unreachable,0,,,228
skew_equal_shares,centralized_counter,102,partition,site-b,True,authorized,327400,,,227
skew_equal_shares,centralized_counter,103,partition,site-a,False,central_unreachable,0,,,227
skew_equal_shares,centralized_counter,104,partition,site-c,True,authorized,371400,,,226
skew_equal_shares,centralized_counter,105,partition,site-a,False,central_unreachable,0,,,226
skew_equal_shares,centralized_counter,106,partition,site-a,False,central_unreachable,0,,,226
skew_equal_shares,centralized_counter,107,partition,site-a,False,central_unreachable,0,,,226
skew_equal_shares,centralized_counter,108,partition,site-b,True,authorized,315800,,,225
skew_equal_shares,centralized_counter,109,partition,site-a,False,central_unreachable,0,,,225
skew_equal_shares,centralized_counter,110,partition,site-a,False,central_unreachable,0,,,225
skew_equal_shares,centralized_counter,111,partition,site-c,True,authorized,387900,,,224
skew_equal_shares,centralized_counter,112,partition,site-a,False,central_unreachable,0,,,224
skew_equal_shares,centralized_counter,113,partition,site-a,False,central_unreachable,0,,,224
skew_equal_shares,centralized_counter,114,partition,site-a,False,central_unreachable,0,,,224
skew_equal_shares,centralized_counter,115,partition,site-b,True,authorized,284600,,,223
skew_equal_shares,centralized_counter,116,partition,site-a,False,central_unreachable,0,,,223
skew_equal_shares,centralized_counter,117,partition,site-c,True,authorized,283900,,,222
skew_equal_shares,centralized_counter,118,partition,site-a,False,central_unreachable,0,,,222
skew_equal_shares,centralized_counter,119,partition,site-a,False,central_unreachable,0,,,222
skew_equal_shares,centralized_counter,120,partition,site-a,False,central_unreachable,0,,,222
skew_equal_shares,centralized_counter,121,partition,site-a,False,central_unreachable,0,,,222
skew_equal_shares,centralized_counter,122,partition,site-b,True,authorized,273800,,,221
skew_equal_shares,centralized_counter,123,partition,site-a,False,central_unreachable,0,,,221
skew_equal_shares,centralized_counter,124,partition,site-c,True,authorized,281500,,,220
skew_equal_shares,centralized_counter,125,partition,site-a,False,central_unreachable,0,,,220
skew_equal_shares,centralized_counter,126,partition,site-a,False,central_unreachable,0,,,220
skew_equal_shares,centralized_counter,127,partition,site-a,False,central_unreachable,0,,,220
skew_equal_shares,centralized_counter,128,partition,site-b,True,authorized,274700,,,219
skew_equal_shares,centralized_counter,129,partition,site-a,False,central_unreachable,0,,,219
skew_equal_shares,centralized_counter,130,partition,site-a,False,central_unreachable,0,,,219
skew_equal_shares,centralized_counter,131,partition,site-c,True,authorized,357200,,,218
skew_equal_shares,centralized_counter,132,partition,site-a,False,central_unreachable,0,,,218
skew_equal_shares,centralized_counter,133,partition,site-a,False,central_unreachable,0,,,218
skew_equal_shares,centralized_counter,134,partition,site-a,False,central_unreachable,0,,,218
skew_equal_shares,centralized_counter,135,partition,site-b,True,authorized,279900,,,217
skew_equal_shares,centralized_counter,136,partition,site-a,False,central_unreachable,0,,,217
skew_equal_shares,centralized_counter,137,partition,site-c,True,authorized,279200,,,216
skew_equal_shares,centralized_counter,138,partition,site-a,False,central_unreachable,0,,,216
skew_equal_shares,centralized_counter,139,partition,site-a,False,central_unreachable,0,,,216
skew_equal_shares,centralized_counter,140,partition,site-a,False,central_unreachable,0,,,216
skew_equal_shares,centralized_counter,141,partition,site-a,False,central_unreachable,0,,,216
skew_equal_shares,centralized_counter,142,partition,site-b,True,authorized,281200,,,215
skew_equal_shares,centralized_counter,143,partition,site-a,False,central_unreachable,0,,,215
skew_equal_shares,centralized_counter,144,partition,site-c,True,authorized,283600,,,214
skew_equal_shares,centralized_counter,145,partition,site-a,False,central_unreachable,0,,,214
skew_equal_shares,centralized_counter,146,partition,site-a,False,central_unreachable,0,,,214
skew_equal_shares,centralized_counter,147,partition,site-a,False,central_unreachable,0,,,214
skew_equal_shares,centralized_counter,148,partition,site-b,True,authorized,274900,,,213
skew_equal_shares,centralized_counter,149,partition,site-a,False,central_unreachable,0,,,213
skew_equal_shares,centralized_counter,150,partition,site-a,False,central_unreachable,0,,,213
skew_equal_shares,centralized_counter,151,partition,site-c,True,authorized,295700,,,212
skew_equal_shares,centralized_counter,152,partition,site-a,False,central_unreachable,0,,,212
skew_equal_shares,centralized_counter,153,partition,site-a,False,central_unreachable,0,,,212
skew_equal_shares,centralized_counter,154,partition,site-a,False,central_unreachable,0,,,212
skew_equal_shares,centralized_counter,155,partition,site-b,True,authorized,286900,,,211
skew_equal_shares,centralized_counter,156,partition,site-a,False,central_unreachable,0,,,211
skew_equal_shares,centralized_counter,157,partition,site-c,True,authorized,332500,,,210
skew_equal_shares,centralized_counter,158,partition,site-a,False,central_unreachable,0,,,210
skew_equal_shares,centralized_counter,159,partition,site-a,False,central_unreachable,0,,,210
skew_equal_shares,centralized_counter,160,partition,site-a,False,central_unreachable,0,,,210
skew_equal_shares,centralized_counter,161,partition,site-a,False,central_unreachable,0,,,210
skew_equal_shares,centralized_counter,162,partition,site-b,True,authorized,366600,,,209
skew_equal_shares,centralized_counter,163,partition,site-a,False,central_unreachable,0,,,209
skew_equal_shares,centralized_counter,164,partition,site-c,True,authorized,344500,,,208
skew_equal_shares,centralized_counter,165,partition,site-a,False,central_unreachable,0,,,208
skew_equal_shares,centralized_counter,166,partition,site-a,False,central_unreachable,0,,,208
skew_equal_shares,centralized_counter,167,partition,site-a,False,central_unreachable,0,,,208
skew_equal_shares,centralized_counter,168,partition,site-b,True,authorized,327900,,,207
skew_equal_shares,centralized_counter,169,partition,site-a,False,central_unreachable,0,,,207
skew_equal_shares,centralized_counter,170,partition,site-a,False,central_unreachable,0,,,207
skew_equal_shares,centralized_counter,171,partition,site-c,True,authorized,288600,,,206
skew_equal_shares,centralized_counter,172,partition,site-a,False,central_unreachable,0,,,206
skew_equal_shares,centralized_counter,173,partition,site-a,False,central_unreachable,0,,,206
skew_equal_shares,centralized_counter,174,partition,site-a,False,central_unreachable,0,,,206
skew_equal_shares,centralized_counter,175,partition,site-b,True,authorized,304600,,,205
skew_equal_shares,centralized_counter,176,partition,site-a,False,central_unreachable,0,,,205
skew_equal_shares,centralized_counter,177,partition,site-c,True,authorized,498700,,,204
skew_equal_shares,centralized_counter,178,partition,site-a,False,central_unreachable,0,,,204
skew_equal_shares,centralized_counter,179,partition,site-a,False,central_unreachable,0,,,204
skew_equal_shares,centralized_counter,180,partition,site-a,False,central_unreachable,0,,,204
skew_equal_shares,centralized_counter,181,partition,site-a,False,central_unreachable,0,,,204
skew_equal_shares,centralized_counter,182,partition,site-b,True,authorized,287200,,,203
skew_equal_shares,centralized_counter,183,partition,site-a,False,central_unreachable,0,,,203
skew_equal_shares,centralized_counter,184,partition,site-c,True,authorized,292900,,,202
skew_equal_shares,centralized_counter,185,partition,site-a,False,central_unreachable,0,,,202
skew_equal_shares,centralized_counter,186,partition,site-a,False,central_unreachable,0,,,202
skew_equal_shares,centralized_counter,187,partition,site-a,False,central_unreachable,0,,,202
skew_equal_shares,centralized_counter,188,partition,site-b,True,authorized,414800,,,201
skew_equal_shares,centralized_counter,189,partition,site-a,False,central_unreachable,0,,,201
skew_equal_shares,centralized_counter,190,partition,site-a,False,central_unreachable,0,,,201
skew_equal_shares,centralized_counter,191,partition,site-c,True,authorized,264800,,,200
skew_equal_shares,centralized_counter,192,partition,site-a,False,central_unreachable,0,,,200
skew_equal_shares,centralized_counter,193,partition,site-a,False,central_unreachable,0,,,200
skew_equal_shares,centralized_counter,194,partition,site-a,False,central_unreachable,0,,,200
skew_equal_shares,centralized_counter,195,partition,site-b,True,authorized,272100,,,199
skew_equal_shares,centralized_counter,196,partition,site-a,False,central_unreachable,0,,,199
skew_equal_shares,centralized_counter,197,partition,site-c,True,authorized,275700,,,198
skew_equal_shares,centralized_counter,198,partition,site-a,False,central_unreachable,0,,,198
skew_equal_shares,centralized_counter,199,partition,site-a,False,central_unreachable,0,,,198
skew_equal_shares,centralized_counter,200,partition,site-a,False,central_unreachable,0,,,198
skew_equal_shares,centralized_counter,201,partition,site-a,False,central_unreachable,0,,,198
skew_equal_shares,centralized_counter,202,partition,site-b,True,authorized,276200,,,197
skew_equal_shares,centralized_counter,203,partition,site-a,False,central_unreachable,0,,,197
skew_equal_shares,centralized_counter,204,partition,site-c,True,authorized,276900,,,196
skew_equal_shares,centralized_counter,205,partition,site-a,False,central_unreachable,0,,,196
skew_equal_shares,centralized_counter,206,partition,site-a,False,central_unreachable,0,,,196
skew_equal_shares,centralized_counter,207,partition,site-a,False,central_unreachable,0,,,196
skew_equal_shares,centralized_counter,208,partition,site-b,True,authorized,304100,,,195
skew_equal_shares,centralized_counter,209,partition,site-a,False,central_unreachable,0,,,195
skew_equal_shares,centralized_counter,210,recovery,site-a,True,authorized,263200,,,194
skew_equal_shares,centralized_counter,211,recovery,site-c,True,authorized,450700,,,193
skew_equal_shares,centralized_counter,212,recovery,site-a,True,authorized,285400,,,192
skew_equal_shares,centralized_counter,213,recovery,site-a,True,authorized,269500,,,191
skew_equal_shares,centralized_counter,214,recovery,site-a,True,authorized,281000,,,190
skew_equal_shares,centralized_counter,215,recovery,site-b,True,authorized,345900,,,189
skew_equal_shares,centralized_counter,216,recovery,site-a,True,authorized,323100,,,188
skew_equal_shares,centralized_counter,217,recovery,site-c,True,authorized,317800,,,187
skew_equal_shares,centralized_counter,218,recovery,site-a,True,authorized,295700,,,186
skew_equal_shares,centralized_counter,219,recovery,site-a,True,authorized,286800,,,185
skew_equal_shares,centralized_counter,220,recovery,site-a,True,authorized,314400,,,184
skew_equal_shares,centralized_counter,221,recovery,site-a,True,authorized,275500,,,183
skew_equal_shares,centralized_counter,222,recovery,site-b,True,authorized,295600,,,182
skew_equal_shares,centralized_counter,223,recovery,site-a,True,authorized,315300,,,181
skew_equal_shares,centralized_counter,224,recovery,site-c,True,authorized,322200,,,180
skew_equal_shares,centralized_counter,225,recovery,site-a,True,authorized,310800,,,179
skew_equal_shares,centralized_counter,226,recovery,site-a,True,authorized,316300,,,178
skew_equal_shares,centralized_counter,227,recovery,site-a,True,authorized,281100,,,177
skew_equal_shares,centralized_counter,228,recovery,site-b,True,authorized,329000,,,176
skew_equal_shares,centralized_counter,229,recovery,site-a,True,authorized,264900,,,175
skew_equal_shares,centralized_counter,230,recovery,site-a,True,authorized,279100,,,174
skew_equal_shares,centralized_counter,231,recovery,site-c,True,authorized,271500,,,173
skew_equal_shares,centralized_counter,232,recovery,site-a,True,authorized,281800,,,172
skew_equal_shares,centralized_counter,233,recovery,site-a,True,authorized,288700,,,171
skew_equal_shares,centralized_counter,234,recovery,site-a,True,authorized,268000,,,170
skew_equal_shares,centralized_counter,235,recovery,site-b,True,authorized,286400,,,169
skew_equal_shares,centralized_counter,236,recovery,site-a,True,authorized,260200,,,168
skew_equal_shares,centralized_counter,237,recovery,site-c,True,authorized,307500,,,167
skew_equal_shares,centralized_counter,238,recovery,site-a,True,authorized,365500,,,166
skew_equal_shares,centralized_counter,239,recovery,site-a,True,authorized,288300,,,165
skew_equal_shares,centralized_counter,240,recovery,site-a,True,authorized,269800,,,164
skew_equal_shares,centralized_counter,241,recovery,site-a,True,authorized,277300,,,163
skew_equal_shares,centralized_counter,242,recovery,site-b,True,authorized,279400,,,162
skew_equal_shares,centralized_counter,243,recovery,site-a,True,authorized,329500,,,161
skew_equal_shares,centralized_counter,244,recovery,site-c,True,authorized,305400,,,160
skew_equal_shares,centralized_counter,245,recovery,site-a,True,authorized,278500,,,159
skew_equal_shares,centralized_counter,246,recovery,site-a,True,authorized,279500,,,158
skew_equal_shares,centralized_counter,247,recovery,site-a,True,authorized,283700,,,157
skew_equal_shares,centralized_counter,248,recovery,site-b,True,authorized,281600,,,156
skew_equal_shares,centralized_counter,249,recovery,site-a,True,authorized,321000,,,155
skew_equal_shares,centralized_counter,250,recovery,site-a,True,authorized,325300,,,154
skew_equal_shares,centralized_counter,251,recovery,site-c,True,authorized,284400,,,153
skew_equal_shares,centralized_counter,252,recovery,site-a,True,authorized,283900,,,152
skew_equal_shares,centralized_counter,253,recovery,site-a,True,authorized,276900,,,151
skew_equal_shares,centralized_counter,254,recovery,site-a,True,authorized,279400,,,150
skew_equal_shares,centralized_counter,255,recovery,site-b,True,authorized,282100,,,149
skew_equal_shares,centralized_counter,256,recovery,site-a,True,authorized,278300,,,148
skew_equal_shares,centralized_counter,257,recovery,site-c,True,authorized,285400,,,147
skew_equal_shares,centralized_counter,258,recovery,site-a,True,authorized,290400,,,146
skew_equal_shares,centralized_counter,259,recovery,site-a,True,authorized,324200,,,145
skew_equal_shares,centralized_counter,260,recovery,site-a,True,authorized,290500,,,144
skew_equal_shares,centralized_counter,261,recovery,site-a,True,authorized,337800,,,143
skew_equal_shares,centralized_counter,262,recovery,site-b,True,authorized,359600,,,142
skew_equal_shares,centralized_counter,263,recovery,site-a,True,authorized,319600,,,141
skew_equal_shares,centralized_counter,264,recovery,site-c,True,authorized,344700,,,140
skew_equal_shares,centralized_counter,265,recovery,site-a,True,authorized,320600,,,139
skew_equal_shares,centralized_counter,266,recovery,site-a,True,authorized,326500,,,138
skew_equal_shares,centralized_counter,267,recovery,site-a,True,authorized,323500,,,137
skew_equal_shares,centralized_counter,268,recovery,site-b,True,authorized,260800,,,136
skew_equal_shares,centralized_counter,269,recovery,site-a,True,authorized,398400,,,135
skew_equal_shares,centralized_counter,270,recovery,site-a,True,authorized,352200,,,134
skew_equal_shares,centralized_counter,271,recovery,site-c,True,authorized,488100,,,133
skew_equal_shares,centralized_counter,272,recovery,site-a,True,authorized,304200,,,132
skew_equal_shares,centralized_counter,273,recovery,site-a,True,authorized,318500,,,131
skew_equal_shares,centralized_counter,274,recovery,site-a,True,authorized,277600,,,130
skew_equal_shares,centralized_counter,275,recovery,site-b,True,authorized,327100,,,129
skew_equal_shares,centralized_counter,276,recovery,site-a,True,authorized,271500,,,128
skew_equal_shares,centralized_counter,277,recovery,site-c,True,authorized,349300,,,127
skew_equal_shares,centralized_counter,278,recovery,site-a,True,authorized,280600,,,126
skew_equal_shares,centralized_counter,279,recovery,site-a,True,authorized,374200,,,125
skew_equal_shares,centralized_counter,280,recovery,site-a,True,authorized,332000,,,124
skew_equal_shares,centralized_counter,281,recovery,site-a,True,authorized,300800,,,123
skew_equal_shares,centralized_counter,282,recovery,site-b,True,authorized,396800,,,122
skew_equal_shares,centralized_counter,283,recovery,site-a,True,authorized,325300,,,121
skew_equal_shares,centralized_counter,284,recovery,site-c,True,authorized,326300,,,120
skew_equal_shares,centralized_counter,285,recovery,site-a,True,authorized,289400,,,119
skew_equal_shares,centralized_counter,286,recovery,site-a,True,authorized,323000,,,118
skew_equal_shares,centralized_counter,287,recovery,site-a,True,authorized,280300,,,117
skew_equal_shares,centralized_counter,288,recovery,site-b,True,authorized,345800,,,116
skew_equal_shares,centralized_counter,289,recovery,site-a,True,authorized,326800,,,115
skew_equal_shares,centralized_counter,290,recovery,site-a,True,authorized,326300,,,114
skew_equal_shares,centralized_counter,291,recovery,site-c,True,authorized,331500,,,113
skew_equal_shares,centralized_counter,292,recovery,site-a,True,authorized,320000,,,112
skew_equal_shares,centralized_counter,293,recovery,site-a,True,authorized,315500,,,111
skew_equal_shares,centralized_counter,294,recovery,site-a,True,authorized,322800,,,110
skew_equal_shares,centralized_counter,295,recovery,site-b,True,authorized,366900,,,109
skew_equal_shares,centralized_counter,296,recovery,site-a,True,authorized,335700,,,108
skew_equal_shares,centralized_counter,297,recovery,site-c,True,authorized,315700,,,107
skew_equal_shares,centralized_counter,298,recovery,site-a,True,authorized,326100,,,106
skew_equal_shares,centralized_counter,299,recovery,site-a,True,authorized,355800,,,105
skew_demand_placed_shares,lets,0,normal,site-a,True,authorized_and_claimed,10284500,1,299,
skew_demand_placed_shares,lets,1,normal,site-a,True,authorized_and_claimed,10053100,2,298,
skew_demand_placed_shares,lets,2,normal,site-b,True,authorized_and_claimed,10666500,3,297,
skew_demand_placed_shares,lets,3,normal,site-a,True,authorized_and_claimed,11602000,4,296,
skew_demand_placed_shares,lets,4,normal,site-c,True,authorized_and_claimed,10237900,5,295,
skew_demand_placed_shares,lets,5,normal,site-a,True,authorized_and_claimed,10448400,6,294,
skew_demand_placed_shares,lets,6,normal,site-a,True,authorized_and_claimed,11655700,7,293,
skew_demand_placed_shares,lets,7,normal,site-a,True,authorized_and_claimed,11255900,8,292,
skew_demand_placed_shares,lets,8,normal,site-b,True,authorized_and_claimed,11732300,9,291,
skew_demand_placed_shares,lets,9,normal,site-a,True,authorized_and_claimed,11336900,10,290,
skew_demand_placed_shares,lets,10,normal,site-a,True,authorized_and_claimed,11364500,11,289,
skew_demand_placed_shares,lets,11,normal,site-c,True,authorized_and_claimed,11402500,12,288,
skew_demand_placed_shares,lets,12,normal,site-a,True,authorized_and_claimed,10744900,13,287,
skew_demand_placed_shares,lets,13,normal,site-a,True,authorized_and_claimed,11586200,14,286,
skew_demand_placed_shares,lets,14,normal,site-a,True,authorized_and_claimed,11477100,15,285,
skew_demand_placed_shares,lets,15,normal,site-b,True,authorized_and_claimed,11539400,16,284,
skew_demand_placed_shares,lets,16,normal,site-a,True,authorized_and_claimed,10940100,17,283,
skew_demand_placed_shares,lets,17,normal,site-c,True,authorized_and_claimed,11113900,18,282,
skew_demand_placed_shares,lets,18,normal,site-a,True,authorized_and_claimed,10159500,19,281,
skew_demand_placed_shares,lets,19,normal,site-a,True,authorized_and_claimed,11223800,20,280,
skew_demand_placed_shares,lets,20,normal,site-a,True,authorized_and_claimed,11161000,21,279,
skew_demand_placed_shares,lets,21,normal,site-a,True,authorized_and_claimed,11290700,22,278,
skew_demand_placed_shares,lets,22,normal,site-b,True,authorized_and_claimed,11372200,23,277,
skew_demand_placed_shares,lets,23,normal,site-a,True,authorized_and_claimed,11443600,24,276,
skew_demand_placed_shares,lets,24,normal,site-c,True,authorized_and_claimed,12828800,25,275,
skew_demand_placed_shares,lets,25,normal,site-a,True,authorized_and_claimed,10519600,26,274,
skew_demand_placed_shares,lets,26,normal,site-a,True,authorized_and_claimed,10874400,27,273,
skew_demand_placed_shares,lets,27,normal,site-a,True,authorized_and_claimed,11996900,28,272,
skew_demand_placed_shares,lets,28,normal,site-b,True,authorized_and_claimed,11224200,29,271,
skew_demand_placed_shares,lets,29,normal,site-a,True,authorized_and_claimed,11603400,30,270,
skew_demand_placed_shares,lets,30,normal,site-a,True,authorized_and_claimed,11108800,31,269,
skew_demand_placed_shares,lets,31,normal,site-c,True,authorized_and_claimed,10943200,32,268,
skew_demand_placed_shares,lets,32,normal,site-a,True,authorized_and_claimed,10214400,33,267,
skew_demand_placed_shares,lets,33,normal,site-a,True,authorized_and_claimed,11514100,34,266,
skew_demand_placed_shares,lets,34,normal,site-a,True,authorized_and_claimed,11846000,35,265,
skew_demand_placed_shares,lets,35,normal,site-b,True,authorized_and_claimed,11516400,36,264,
skew_demand_placed_shares,lets,36,normal,site-a,True,authorized_and_claimed,11987100,37,263,
skew_demand_placed_shares,lets,37,normal,site-c,True,authorized_and_claimed,11089200,38,262,
skew_demand_placed_shares,lets,38,normal,site-a,True,authorized_and_claimed,10860100,39,261,
skew_demand_placed_shares,lets,39,normal,site-a,True,authorized_and_claimed,11718800,40,260,
skew_demand_placed_shares,lets,40,normal,site-a,True,authorized_and_claimed,11204300,41,259,
skew_demand_placed_shares,lets,41,normal,site-a,True,authorized_and_claimed,11523400,42,258,
skew_demand_placed_shares,lets,42,normal,site-b,True,authorized_and_claimed,11197400,43,257,
skew_demand_placed_shares,lets,43,normal,site-a,True,authorized_and_claimed,11114000,44,256,
skew_demand_placed_shares,lets,44,normal,site-c,True,authorized_and_claimed,11348900,45,255,
skew_demand_placed_shares,lets,45,normal,site-a,True,authorized_and_claimed,11292200,46,254,
skew_demand_placed_shares,lets,46,normal,site-a,True,authorized_and_claimed,12834200,47,253,
skew_demand_placed_shares,lets,47,normal,site-a,True,authorized_and_claimed,10982100,48,252,
skew_demand_placed_shares,lets,48,normal,site-b,True,authorized_and_claimed,11388800,49,251,
skew_demand_placed_shares,lets,49,normal,site-a,True,authorized_and_claimed,11151000,50,250,
skew_demand_placed_shares,lets,50,normal,site-a,True,authorized_and_claimed,11116600,51,249,
skew_demand_placed_shares,lets,51,normal,site-c,True,authorized_and_claimed,10890500,52,248,
skew_demand_placed_shares,lets,52,normal,site-a,True,authorized_and_claimed,10912400,53,247,
skew_demand_placed_shares,lets,53,normal,site-a,True,authorized_and_claimed,11416700,54,246,
skew_demand_placed_shares,lets,54,normal,site-a,True,authorized_and_claimed,11216200,55,245,
skew_demand_placed_shares,lets,55,normal,site-b,True,authorized_and_claimed,10744300,56,244,
skew_demand_placed_shares,lets,56,normal,site-a,True,authorized_and_claimed,11743600,57,243,
skew_demand_placed_shares,lets,57,normal,site-c,True,authorized_and_claimed,11053100,58,242,
skew_demand_placed_shares,lets,58,normal,site-a,True,authorized_and_claimed,10451000,59,241,
skew_demand_placed_shares,lets,59,normal,site-a,True,authorized_and_claimed,11964600,60,240,
skew_demand_placed_shares,lets,60,partition,site-a,True,authorized_and_claimed,11282000,61,239,
skew_demand_placed_shares,lets,61,partition,site-a,True,authorized_and_claimed,11178800,62,238,
skew_demand_placed_shares,lets,62,partition,site-b,True,authorized_and_claimed,11339100,63,237,
skew_demand_placed_shares,lets,63,partition,site-a,True,authorized_and_claimed,11198100,64,236,
skew_demand_placed_shares,lets,64,partition,site-c,True,authorized_and_claimed,11287700,65,235,
skew_demand_placed_shares,lets,65,partition,site-a,True,authorized_and_claimed,10941200,66,234,
skew_demand_placed_shares,lets,66,partition,site-a,True,authorized_and_claimed,11492700,67,233,
skew_demand_placed_shares,lets,67,partition,site-a,True,authorized_and_claimed,11606900,68,232,
skew_demand_placed_shares,lets,68,partition,site-b,True,authorized_and_claimed,10930900,69,231,
skew_demand_placed_shares,lets,69,partition,site-a,True,authorized_and_claimed,11523700,70,230,
skew_demand_placed_shares,lets,70,partition,site-a,True,authorized_and_claimed,11793700,71,229,
skew_demand_placed_shares,lets,71,partition,site-c,True,authorized_and_claimed,10904700,72,228,
skew_demand_placed_shares,lets,72,partition,site-a,True,authorized_and_claimed,10300900,73,227,
skew_demand_placed_shares,lets,73,partition,site-a,True,authorized_and_claimed,11811200,74,226,
skew_demand_placed_shares,lets,74,partition,site-a,True,authorized_and_claimed,11665700,75,225,
skew_demand_placed_shares,lets,75,partition,site-b,True,authorized_and_claimed,10920700,76,224,
skew_demand_placed_shares,lets,76,partition,site-a,True,authorized_and_claimed,11700500,77,223,
skew_demand_placed_shares,lets,77,partition,site-c,True,authorized_and_claimed,11115500,78,222,
skew_demand_placed_shares,lets,78,partition,site-a,True,authorized_and_claimed,11401200,79,221,
skew_demand_placed_shares,lets,79,partition,site-a,True,authorized_and_claimed,11796700,80,220,
skew_demand_placed_shares,lets,80,partition,site-a,True,authorized_and_claimed,12083700,81,219,
skew_demand_placed_shares,lets,81,partition,site-a,True,authorized_and_claimed,11577600,82,218,
skew_demand_placed_shares,lets,82,partition,site-b,True,authorized_and_claimed,11035100,83,217,
skew_demand_placed_shares,lets,83,partition,site-a,True,authorized_and_claimed,11778100,84,216,
skew_demand_placed_shares,lets,84,partition,site-c,True,authorized_and_claimed,11223000,85,215,
skew_demand_placed_shares,lets,85,partition,site-a,True,authorized_and_claimed,10573600,86,214,
skew_demand_placed_shares,lets,86,partition,site-a,True,authorized_and_claimed,11708500,87,213,
skew_demand_placed_shares,lets,87,partition,site-a,True,authorized_and_claimed,12680400,88,212,
skew_demand_placed_shares,lets,88,partition,site-b,True,authorized_and_claimed,11193700,89,211,
skew_demand_placed_shares,lets,89,partition,site-a,True,authorized_and_claimed,11759400,90,210,
skew_demand_placed_shares,lets,90,partition,site-a,True,authorized_and_claimed,11888400,91,209,
skew_demand_placed_shares,lets,91,partition,site-c,True,authorized_and_claimed,11107800,92,208,
skew_demand_placed_shares,lets,92,partition,site-a,True,authorized_and_claimed,11037700,93,207,
skew_demand_placed_shares,lets,93,partition,site-a,True,authorized_and_claimed,11845800,94,206,
skew_demand_placed_shares,lets,94,partition,site-a,True,authorized_and_claimed,11615300,95,205,
skew_demand_placed_shares,lets,95,partition,site-b,True,authorized_and_claimed,11316100,96,204,
skew_demand_placed_shares,lets,96,partition,site-a,True,authorized_and_claimed,12261700,97,203,
skew_demand_placed_shares,lets,97,partition,site-c,True,authorized_and_claimed,11096200,98,202,
skew_demand_placed_shares,lets,98,partition,site-a,True,authorized_and_claimed,10795800,99,201,
skew_demand_placed_shares,lets,99,partition,site-a,True,authorized_and_claimed,11756000,100,200,
skew_demand_placed_shares,lets,100,partition,site-a,True,authorized_and_claimed,13067600,101,199,
skew_demand_placed_shares,lets,101,partition,site-a,True,authorized_and_claimed,12244900,102,198,
skew_demand_placed_shares,lets,102,partition,site-b,True,authorized_and_claimed,11788200,103,197,
skew_demand_placed_shares,lets,103,partition,site-a,True,authorized_and_claimed,12075800,104,196,
skew_demand_placed_shares,lets,104,partition,site-c,True,authorized_and_claimed,11475100,105,195,
skew_demand_placed_shares,lets,105,partition,site-a,True,authorized_and_claimed,10826000,106,194,
skew_demand_placed_shares,lets,106,partition,site-a,True,authorized_and_claimed,11357500,107,193,
skew_demand_placed_shares,lets,107,partition,site-a,True,authorized_and_claimed,11695900,108,192,
skew_demand_placed_shares,lets,108,partition,site-b,True,authorized_and_claimed,11216800,109,191,
skew_demand_placed_shares,lets,109,partition,site-a,True,authorized_and_claimed,11581600,110,190,
skew_demand_placed_shares,lets,110,partition,site-a,True,authorized_and_claimed,11933400,111,189,
skew_demand_placed_shares,lets,111,partition,site-c,True,authorized_and_claimed,11411900,112,188,
skew_demand_placed_shares,lets,112,partition,site-a,True,authorized_and_claimed,10449100,113,187,
skew_demand_placed_shares,lets,113,partition,site-a,True,authorized_and_claimed,11941100,114,186,
skew_demand_placed_shares,lets,114,partition,site-a,True,authorized_and_claimed,11708600,115,185,
skew_demand_placed_shares,lets,115,partition,site-b,True,authorized_and_claimed,11090000,116,184,
skew_demand_placed_shares,lets,116,partition,site-a,True,authorized_and_claimed,11795600,117,183,
skew_demand_placed_shares,lets,117,partition,site-c,True,authorized_and_claimed,11322000,118,182,
skew_demand_placed_shares,lets,118,partition,site-a,True,authorized_and_claimed,11718000,119,181,
skew_demand_placed_shares,lets,119,partition,site-a,True,authorized_and_claimed,11335600,120,180,
skew_demand_placed_shares,lets,120,partition,site-a,True,authorized_and_claimed,11415100,121,179,
skew_demand_placed_shares,lets,121,partition,site-a,True,authorized_and_claimed,11628500,122,178,
skew_demand_placed_shares,lets,122,partition,site-b,True,authorized_and_claimed,11047100,123,177,
skew_demand_placed_shares,lets,123,partition,site-a,True,authorized_and_claimed,11555900,124,176,
skew_demand_placed_shares,lets,124,partition,site-c,True,authorized_and_claimed,10639200,125,175,
skew_demand_placed_shares,lets,125,partition,site-a,True,authorized_and_claimed,10932400,126,174,
skew_demand_placed_shares,lets,126,partition,site-a,True,authorized_and_claimed,11521600,127,173,
skew_demand_placed_shares,lets,127,partition,site-a,True,authorized_and_claimed,11330600,128,172,
skew_demand_placed_shares,lets,128,partition,site-b,True,authorized_and_claimed,11088200,129,171,
skew_demand_placed_shares,lets,129,partition,site-a,True,authorized_and_claimed,11273700,130,170,
skew_demand_placed_shares,lets,130,partition,site-a,True,authorized_and_claimed,11701100,131,169,
skew_demand_placed_shares,lets,131,partition,site-c,True,authorized_and_claimed,11409300,132,168,
skew_demand_placed_shares,lets,132,partition,site-a,True,authorized_and_claimed,11085600,133,167,
skew_demand_placed_shares,lets,133,partition,site-a,True,authorized_and_claimed,11573400,134,166,
skew_demand_placed_shares,lets,134,partition,site-a,True,authorized_and_claimed,12583800,135,165,
skew_demand_placed_shares,lets,135,partition,site-b,True,authorized_and_claimed,11290900,136,164,
skew_demand_placed_shares,lets,136,partition,site-a,True,authorized_and_claimed,12017600,137,163,
skew_demand_placed_shares,lets,137,partition,site-c,True,authorized_and_claimed,11161800,138,162,
skew_demand_placed_shares,lets,138,partition,site-a,True,authorized_and_claimed,11362400,139,161,
skew_demand_placed_shares,lets,139,partition,site-a,True,authorized_and_claimed,11626500,140,160,
skew_demand_placed_shares,lets,140,partition,site-a,True,authorized_and_claimed,11808300,141,159,
skew_demand_placed_shares,lets,141,partition,site-a,True,authorized_and_claimed,11778900,142,158,
skew_demand_placed_shares,lets,142,partition,site-b,True,authorized_and_claimed,11101300,143,157,
skew_demand_placed_shares,lets,143,partition,site-a,True,authorized_and_claimed,11854400,144,156,
skew_demand_placed_shares,lets,144,partition,site-c,True,authorized_and_claimed,11181100,145,155,
skew_demand_placed_shares,lets,145,partition,site-a,True,authorized_and_claimed,10813300,146,154,
skew_demand_placed_shares,lets,146,partition,site-a,True,authorized_and_claimed,11902800,147,153,
skew_demand_placed_shares,lets,147,partition,site-a,True,authorized_and_claimed,12401100,148,152,
skew_demand_placed_shares,lets,148,partition,site-b,True,authorized_and_claimed,11383900,149,151,
skew_demand_placed_shares,lets,149,partition,site-a,True,authorized_and_claimed,11788500,150,150,
skew_demand_placed_shares,lets,150,partition,site-a,True,authorized_and_claimed,11670000,151,149,
skew_demand_placed_shares,lets,151,partition,site-c,True,authorized_and_claimed,11579900,152,148,
skew_demand_placed_shares,lets,152,partition,site-a,True,authorized_and_claimed,11885400,153,147,
skew_demand_placed_shares,lets,153,partition,site-a,True,authorized_and_claimed,12076900,154,146,
skew_demand_placed_shares,lets,154,partition,site-a,True,authorized_and_claimed,11559900,155,145,
skew_demand_placed_shares,lets,155,partition,site-b,True,authorized_and_claimed,11205500,156,144,
skew_demand_placed_shares,lets,156,partition,site-a,True,authorized_and_claimed,11858300,157,143,
skew_demand_placed_shares,lets,157,partition,site-c,True,authorized_and_claimed,11254900,158,142,
skew_demand_placed_shares,lets,158,partition,site-a,True,authorized_and_claimed,11090800,159,141,
skew_demand_placed_shares,lets,159,partition,site-a,True,authorized_and_claimed,12359600,160,140,
skew_demand_placed_shares,lets,160,partition,site-a,True,authorized_and_claimed,13258000,161,139,
skew_demand_placed_shares,lets,161,partition,site-a,True,authorized_and_claimed,11572500,162,138,
skew_demand_placed_shares,lets,162,partition,site-b,True,authorized_and_claimed,11281400,163,137,
skew_demand_placed_shares,lets,163,partition,site-a,True,authorized_and_claimed,11778400,164,136,
skew_demand_placed_shares,lets,164,partition,site-c,True,authorized_and_claimed,11488900,165,135,
skew_demand_placed_shares,lets,165,partition,site-a,True,authorized_and_claimed,11202200,166,134,
skew_demand_placed_shares,lets,166,partition,site-a,True,authorized_and_claimed,12200000,167,133,
skew_demand_placed_shares,lets,167,partition,site-a,True,authorized_and_claimed,11777200,168,132,
skew_demand_placed_shares,lets,168,partition,site-b,True,authorized_and_claimed,11589400,169,131,
skew_demand_placed_shares,lets,169,partition,site-a,True,authorized_and_claimed,11830400,170,130,
skew_demand_placed_shares,lets,170,partition,site-a,True,authorized_and_claimed,12114400,171,129,
skew_demand_placed_shares,lets,171,partition,site-c,True,authorized_and_claimed,11289200,172,128,
skew_demand_placed_shares,lets,172,partition,site-a,True,authorized_and_claimed,11364900,173,127,
skew_demand_placed_shares,lets,173,partition,site-a,True,authorized_and_claimed,12393800,174,126,
skew_demand_placed_shares,lets,174,partition,site-a,True,authorized_and_claimed,11985100,175,125,
skew_demand_placed_shares,lets,175,partition,site-b,True,authorized_and_claimed,12042100,176,124,
skew_demand_placed_shares,lets,176,partition,site-a,True,authorized_and_claimed,11158600,177,123,
skew_demand_placed_shares,lets,177,partition,site-c,True,authorized_and_claimed,11432500,178,122,
skew_demand_placed_shares,lets,178,partition,site-a,True,authorized_and_claimed,10934400,179,121,
skew_demand_placed_shares,lets,179,partition,site-a,True,authorized_and_claimed,12405600,180,120,
skew_demand_placed_shares,lets,180,partition,site-a,True,authorized_and_claimed,12163600,181,119,
skew_demand_placed_shares,lets,181,partition,site-a,True,authorized_and_claimed,12269400,182,118,
skew_demand_placed_shares,lets,182,partition,site-b,True,authorized_and_claimed,11720700,183,117,
skew_demand_placed_shares,lets,183,partition,site-a,True,authorized_and_claimed,12146200,184,116,
skew_demand_placed_shares,lets,184,partition,site-c,True,authorized_and_claimed,11643600,185,115,
skew_demand_placed_shares,lets,185,partition,site-a,True,authorized_and_claimed,11844300,186,114,
skew_demand_placed_shares,lets,186,partition,site-a,True,authorized_and_claimed,12035900,187,113,
skew_demand_placed_shares,lets,187,partition,site-a,True,authorized_and_claimed,11903500,188,112,
skew_demand_placed_shares,lets,188,partition,site-b,True,authorized_and_claimed,12022700,189,111,
skew_demand_placed_shares,lets,189,partition,site-a,True,authorized_and_claimed,12358700,190,110,
skew_demand_placed_shares,lets,190,partition,site-a,True,authorized_and_claimed,12653400,191,109,
skew_demand_placed_shares,lets,191,partition,site-c,True,authorized_and_claimed,11607500,192,108,
skew_demand_placed_shares,lets,192,partition,site-a,True,authorized_and_claimed,11422200,193,107,
skew_demand_placed_shares,lets,193,partition,site-a,True,authorized_and_claimed,11982900,194,106,
skew_demand_placed_shares,lets,194,partition,site-a,True,authorized_and_claimed,11980000,195,105,
skew_demand_placed_shares,lets,195,partition,site-b,True,authorized_and_claimed,12099500,196,104,
skew_demand_placed_shares,lets,196,partition,site-a,True,authorized_and_claimed,11991100,197,103,
skew_demand_placed_shares,lets,197,partition,site-c,True,authorized_and_claimed,11819300,198,102,
skew_demand_placed_shares,lets,198,partition,site-a,True,authorized_and_claimed,12413100,199,101,
skew_demand_placed_shares,lets,199,partition,site-a,True,authorized_and_claimed,12112000,200,100,
skew_demand_placed_shares,lets,200,partition,site-a,True,authorized_and_claimed,13236300,201,99,
skew_demand_placed_shares,lets,201,partition,site-a,True,authorized_and_claimed,16422200,202,98,
skew_demand_placed_shares,lets,202,partition,site-b,True,authorized_and_claimed,10716000,203,97,
skew_demand_placed_shares,lets,203,partition,site-a,True,authorized_and_claimed,12460000,204,96,
skew_demand_placed_shares,lets,204,partition,site-c,True,authorized_and_claimed,11783200,205,95,
skew_demand_placed_shares,lets,205,partition,site-a,True,authorized_and_claimed,11752100,206,94,
skew_demand_placed_shares,lets,206,partition,site-a,True,authorized_and_claimed,12812500,207,93,
skew_demand_placed_shares,lets,207,partition,site-a,True,authorized_and_claimed,12513200,208,92,
skew_demand_placed_shares,lets,208,partition,site-b,True,authorized_and_claimed,12248400,209,91,
skew_demand_placed_shares,lets,209,partition,site-a,True,authorized_and_claimed,12927700,210,90,
skew_demand_placed_shares,lets,210,recovery,site-a,True,authorized_and_claimed,12008300,211,89,
skew_demand_placed_shares,lets,211,recovery,site-c,True,authorized_and_claimed,11097000,212,88,
skew_demand_placed_shares,lets,212,recovery,site-a,True,authorized_and_claimed,11139700,213,87,
skew_demand_placed_shares,lets,213,recovery,site-a,True,authorized_and_claimed,12130900,214,86,
skew_demand_placed_shares,lets,214,recovery,site-a,True,authorized_and_claimed,12884700,215,85,
skew_demand_placed_shares,lets,215,recovery,site-b,True,authorized_and_claimed,11470000,216,84,
skew_demand_placed_shares,lets,216,recovery,site-a,True,authorized_and_claimed,12126200,217,83,
skew_demand_placed_shares,lets,217,recovery,site-c,True,authorized_and_claimed,11814900,218,82,
skew_demand_placed_shares,lets,218,recovery,site-a,True,authorized_and_claimed,12717400,219,81,
skew_demand_placed_shares,lets,219,recovery,site-a,True,authorized_and_claimed,12339700,220,80,
skew_demand_placed_shares,lets,220,recovery,site-a,True,authorized_and_claimed,13596200,221,79,
skew_demand_placed_shares,lets,221,recovery,site-a,True,authorized_and_claimed,13261700,222,78,
skew_demand_placed_shares,lets,222,recovery,site-b,True,authorized_and_claimed,11901100,223,77,
skew_demand_placed_shares,lets,223,recovery,site-a,True,authorized_and_claimed,12509500,224,76,
skew_demand_placed_shares,lets,224,recovery,site-c,True,authorized_and_claimed,12000400,225,75,
skew_demand_placed_shares,lets,225,recovery,site-a,True,authorized_and_claimed,12350500,226,74,
skew_demand_placed_shares,lets,226,recovery,site-a,True,authorized_and_claimed,12177300,227,73,
skew_demand_placed_shares,lets,227,recovery,site-a,True,authorized_and_claimed,11958600,228,72,
skew_demand_placed_shares,lets,228,recovery,site-b,True,authorized_and_claimed,12051000,229,71,
skew_demand_placed_shares,lets,229,recovery,site-a,True,authorized_and_claimed,12516700,230,70,
skew_demand_placed_shares,lets,230,recovery,site-a,True,authorized_and_claimed,13286900,231,69,
skew_demand_placed_shares,lets,231,recovery,site-c,True,authorized_and_claimed,11562400,232,68,
skew_demand_placed_shares,lets,232,recovery,site-a,True,authorized_and_claimed,12229500,233,67,
skew_demand_placed_shares,lets,233,recovery,site-a,True,authorized_and_claimed,12513000,234,66,
skew_demand_placed_shares,lets,234,recovery,site-a,True,authorized_and_claimed,11919600,235,65,
skew_demand_placed_shares,lets,235,recovery,site-b,True,authorized_and_claimed,12164500,236,64,
skew_demand_placed_shares,lets,236,recovery,site-a,True,authorized_and_claimed,12407700,237,63,
skew_demand_placed_shares,lets,237,recovery,site-c,True,authorized_and_claimed,11982500,238,62,
skew_demand_placed_shares,lets,238,recovery,site-a,True,authorized_and_claimed,11508300,239,61,
skew_demand_placed_shares,lets,239,recovery,site-a,True,authorized_and_claimed,12626600,240,60,
skew_demand_placed_shares,lets,240,recovery,site-a,True,authorized_and_claimed,12427000,241,59,
skew_demand_placed_shares,lets,241,recovery,site-a,True,authorized_and_claimed,13640900,242,58,
skew_demand_placed_shares,lets,242,recovery,site-b,True,authorized_and_claimed,11558000,243,57,
skew_demand_placed_shares,lets,243,recovery,site-a,True,authorized_and_claimed,12295500,244,56,
skew_demand_placed_shares,lets,244,recovery,site-c,True,authorized_and_claimed,11718800,245,55,
skew_demand_placed_shares,lets,245,recovery,site-a,True,authorized_and_claimed,11599100,246,54,
skew_demand_placed_shares,lets,246,recovery,site-a,True,authorized_and_claimed,12173700,247,53,
skew_demand_placed_shares,lets,247,recovery,site-a,True,authorized_and_claimed,12391600,248,52,
skew_demand_placed_shares,lets,248,recovery,site-b,True,authorized_and_claimed,11319000,249,51,
skew_demand_placed_shares,lets,249,recovery,site-a,True,authorized_and_claimed,11683500,250,50,
skew_demand_placed_shares,lets,250,recovery,site-a,True,authorized_and_claimed,12472100,251,49,
skew_demand_placed_shares,lets,251,recovery,site-c,True,authorized_and_claimed,12144100,252,48,
skew_demand_placed_shares,lets,252,recovery,site-a,True,authorized_and_claimed,11749200,253,47,
skew_demand_placed_shares,lets,253,recovery,site-a,True,authorized_and_claimed,12323300,254,46,
skew_demand_placed_shares,lets,254,recovery,site-a,True,authorized_and_claimed,12640700,255,45,
skew_demand_placed_shares,lets,255,recovery,site-b,True,authorized_and_claimed,11363900,256,44,
skew_demand_placed_shares,lets,256,recovery,site-a,True,authorized_and_claimed,13199100,257,43,
skew_demand_placed_shares,lets,257,recovery,site-c,True,authorized_and_claimed,11669800,258,42,
skew_demand_placed_shares,lets,258,recovery,site-a,True,authorized_and_claimed,11432300,259,41,
skew_demand_placed_shares,lets,259,recovery,site-a,True,authorized_and_claimed,12487300,260,40,
skew_demand_placed_shares,lets,260,recovery,site-a,True,authorized_and_claimed,12176700,261,39,
skew_demand_placed_shares,lets,261,recovery,site-a,True,authorized_and_claimed,12287000,262,38,
skew_demand_placed_shares,lets,262,recovery,site-b,True,authorized_and_claimed,11124500,263,37,
skew_demand_placed_shares,lets,263,recovery,site-a,True,authorized_and_claimed,13443200,264,36,
skew_demand_placed_shares,lets,264,recovery,site-c,True,authorized_and_claimed,11565800,265,35,
skew_demand_placed_shares,lets,265,recovery,site-a,True,authorized_and_claimed,11858300,266,34,
skew_demand_placed_shares,lets,266,recovery,site-a,True,authorized_and_claimed,12264800,267,33,
skew_demand_placed_shares,lets,267,recovery,site-a,True,authorized_and_claimed,12292900,268,32,
skew_demand_placed_shares,lets,268,recovery,site-b,True,authorized_and_claimed,11422700,269,31,
skew_demand_placed_shares,lets,269,recovery,site-a,True,authorized_and_claimed,12141200,270,30,
skew_demand_placed_shares,lets,270,recovery,site-a,True,authorized_and_claimed,12310800,271,29,
skew_demand_placed_shares,lets,271,recovery,site-c,True,authorized_and_claimed,11250400,272,28,
skew_demand_placed_shares,lets,272,recovery,site-a,True,authorized_and_claimed,12662900,273,27,
skew_demand_placed_shares,lets,273,recovery,site-a,True,authorized_and_claimed,13658300,274,26,
skew_demand_placed_shares,lets,274,recovery,site-a,True,authorized_and_claimed,12421900,275,25,
skew_demand_placed_shares,lets,275,recovery,site-b,True,authorized_and_claimed,11682000,276,24,
skew_demand_placed_shares,lets,276,recovery,site-a,True,authorized_and_claimed,12336800,277,23,
skew_demand_placed_shares,lets,277,recovery,site-c,True,authorized_and_claimed,11806100,278,22,
skew_demand_placed_shares,lets,278,recovery,site-a,True,authorized_and_claimed,11707600,279,21,
skew_demand_placed_shares,lets,279,recovery,site-a,True,authorized_and_claimed,12518900,280,20,
skew_demand_placed_shares,lets,280,recovery,site-a,True,authorized_and_claimed,12178800,281,19,
skew_demand_placed_shares,lets,281,recovery,site-a,True,authorized_and_claimed,12901600,282,18,
skew_demand_placed_shares,lets,282,recovery,site-b,True,authorized_and_claimed,11392200,283,17,
skew_demand_placed_shares,lets,283,recovery,site-a,True,authorized_and_claimed,12553000,284,16,
skew_demand_placed_shares,lets,284,recovery,site-c,True,authorized_and_claimed,11449100,285,15,
skew_demand_placed_shares,lets,285,recovery,site-a,True,authorized_and_claimed,12309000,286,14,
skew_demand_placed_shares,lets,286,recovery,site-a,True,authorized_and_claimed,12760100,287,13,
skew_demand_placed_shares,lets,287,recovery,site-a,True,authorized_and_claimed,12583800,288,12,
skew_demand_placed_shares,lets,288,recovery,site-b,True,authorized_and_claimed,11952700,289,11,
skew_demand_placed_shares,lets,289,recovery,site-a,True,authorized_and_claimed,12625000,290,10,
skew_demand_placed_shares,lets,290,recovery,site-a,True,authorized_and_claimed,12872800,291,9,
skew_demand_placed_shares,lets,291,recovery,site-c,True,authorized_and_claimed,12951200,292,8,
skew_demand_placed_shares,lets,292,recovery,site-a,True,authorized_and_claimed,11915500,293,7,
skew_demand_placed_shares,lets,293,recovery,site-a,True,authorized_and_claimed,13017100,294,6,
skew_demand_placed_shares,lets,294,recovery,site-a,True,authorized_and_claimed,12933700,295,5,
skew_demand_placed_shares,lets,295,recovery,site-b,True,authorized_and_claimed,11520100,296,4,
skew_demand_placed_shares,lets,296,recovery,site-a,True,authorized_and_claimed,12175900,297,3,
skew_demand_placed_shares,lets,297,recovery,site-c,True,authorized_and_claimed,15110800,298,2,
skew_demand_placed_shares,lets,298,recovery,site-a,True,authorized_and_claimed,12617100,299,1,
skew_demand_placed_shares,lets,299,recovery,site-a,True,authorized_and_claimed,12674100,300,0,
skew_demand_placed_shares,centralized_counter,0,normal,site-a,True,authorized,329200,,,299
skew_demand_placed_shares,centralized_counter,1,normal,site-a,True,authorized,273700,,,298
skew_demand_placed_shares,centralized_counter,2,normal,site-b,True,authorized,278100,,,297
skew_demand_placed_shares,centralized_counter,3,normal,site-a,True,authorized,296000,,,296
skew_demand_placed_shares,centralized_counter,4,normal,site-c,True,authorized,277800,,,295
skew_demand_placed_shares,centralized_counter,5,normal,site-a,True,authorized,358200,,,294
skew_demand_placed_shares,centralized_counter,6,normal,site-a,True,authorized,276400,,,293
skew_demand_placed_shares,centralized_counter,7,normal,site-a,True,authorized,316800,,,292
skew_demand_placed_shares,centralized_counter,8,normal,site-b,True,authorized,341200,,,291
skew_demand_placed_shares,centralized_counter,9,normal,site-a,True,authorized,303400,,,290
skew_demand_placed_shares,centralized_counter,10,normal,site-a,True,authorized,282700,,,289
skew_demand_placed_shares,centralized_counter,11,normal,site-c,True,authorized,273200,,,288
skew_demand_placed_shares,centralized_counter,12,normal,site-a,True,authorized,278700,,,287
skew_demand_placed_shares,centralized_counter,13,normal,site-a,True,authorized,289700,,,286
skew_demand_placed_shares,centralized_counter,14,normal,site-a,True,authorized,281600,,,285
skew_demand_placed_shares,centralized_counter,15,normal,site-b,True,authorized,279900,,,284
skew_demand_placed_shares,centralized_counter,16,normal,site-a,True,authorized,306700,,,283
skew_demand_placed_shares,centralized_counter,17,normal,site-c,True,authorized,279700,,,282
skew_demand_placed_shares,centralized_counter,18,normal,site-a,True,authorized,278300,,,281
skew_demand_placed_shares,centralized_counter,19,normal,site-a,True,authorized,309600,,,280
skew_demand_placed_shares,centralized_counter,20,normal,site-a,True,authorized,277800,,,279
skew_demand_placed_shares,centralized_counter,21,normal,site-a,True,authorized,275600,,,278
skew_demand_placed_shares,centralized_counter,22,normal,site-b,True,authorized,280100,,,277
skew_demand_placed_shares,centralized_counter,23,normal,site-a,True,authorized,273200,,,276
skew_demand_placed_shares,centralized_counter,24,normal,site-c,True,authorized,285400,,,275
skew_demand_placed_shares,centralized_counter,25,normal,site-a,True,authorized,276400,,,274
skew_demand_placed_shares,centralized_counter,26,normal,site-a,True,authorized,279100,,,273
skew_demand_placed_shares,centralized_counter,27,normal,site-a,True,authorized,272500,,,272
skew_demand_placed_shares,centralized_counter,28,normal,site-b,True,authorized,276800,,,271
skew_demand_placed_shares,centralized_counter,29,normal,site-a,True,authorized,295600,,,270
skew_demand_placed_shares,centralized_counter,30,normal,site-a,True,authorized,352000,,,269
skew_demand_placed_shares,centralized_counter,31,normal,site-c,True,authorized,331100,,,268
skew_demand_placed_shares,centralized_counter,32,normal,site-a,True,authorized,330500,,,267
skew_demand_placed_shares,centralized_counter,33,normal,site-a,True,authorized,286700,,,266
skew_demand_placed_shares,centralized_counter,34,normal,site-a,True,authorized,271500,,,265
skew_demand_placed_shares,centralized_counter,35,normal,site-b,True,authorized,272700,,,264
skew_demand_placed_shares,centralized_counter,36,normal,site-a,True,authorized,277900,,,263
skew_demand_placed_shares,centralized_counter,37,normal,site-c,True,authorized,272800,,,262
skew_demand_placed_shares,centralized_counter,38,normal,site-a,True,authorized,350300,,,261
skew_demand_placed_shares,centralized_counter,39,normal,site-a,True,authorized,318800,,,260
skew_demand_placed_shares,centralized_counter,40,normal,site-a,True,authorized,299900,,,259
skew_demand_placed_shares,centralized_counter,41,normal,site-a,True,authorized,273100,,,258
skew_demand_placed_shares,centralized_counter,42,normal,site-b,True,authorized,275600,,,257
skew_demand_placed_shares,centralized_counter,43,normal,site-a,True,authorized,272200,,,256
skew_demand_placed_shares,centralized_counter,44,normal,site-c,True,authorized,277900,,,255
skew_demand_placed_shares,centralized_counter,45,normal,site-a,True,authorized,289600,,,254
skew_demand_placed_shares,centralized_counter,46,normal,site-a,True,authorized,275300,,,253
skew_demand_placed_shares,centralized_counter,47,normal,site-a,True,authorized,291100,,,252
skew_demand_placed_shares,centralized_counter,48,normal,site-b,True,authorized,282100,,,251
skew_demand_placed_shares,centralized_counter,49,normal,site-a,True,authorized,270200,,,250
skew_demand_placed_shares,centralized_counter,50,normal,site-a,True,authorized,282100,,,249
skew_demand_placed_shares,centralized_counter,51,normal,site-c,True,authorized,294700,,,248
skew_demand_placed_shares,centralized_counter,52,normal,site-a,True,authorized,288200,,,247
skew_demand_placed_shares,centralized_counter,53,normal,site-a,True,authorized,303100,,,246
skew_demand_placed_shares,centralized_counter,54,normal,site-a,True,authorized,284400,,,245
skew_demand_placed_shares,centralized_counter,55,normal,site-b,True,authorized,292700,,,244
skew_demand_placed_shares,centralized_counter,56,normal,site-a,True,authorized,348000,,,243
skew_demand_placed_shares,centralized_counter,57,normal,site-c,True,authorized,284800,,,242
skew_demand_placed_shares,centralized_counter,58,normal,site-a,True,authorized,279500,,,241
skew_demand_placed_shares,centralized_counter,59,normal,site-a,True,authorized,279600,,,240
skew_demand_placed_shares,centralized_counter,60,partition,site-a,False,central_unreachable,0,,,240
skew_demand_placed_shares,centralized_counter,61,partition,site-a,False,central_unreachable,0,,,240
skew_demand_placed_shares,centralized_counter,62,partition,site-b,True,authorized,293800,,,239
skew_demand_placed_shares,centralized_counter,63,partition,site-a,False,central_unreachable,0,,,239
skew_demand_placed_shares,centralized_counter,64,partition,site-c,True,authorized,317100,,,238
skew_demand_placed_shares,centralized_counter,65,partition,site-a,False,central_unreachable,0,,,238
skew_demand_placed_shares,centralized_counter,66,partition,site-a,False,central_unreachable,0,,,238
skew_demand_placed_shares,centralized_counter,67,partition,site-a,False,central_unreachable,0,,,238
skew_demand_placed_shares,centralized_counter,68,partition,site-b,True,authorized,268800,,,237
skew_demand_placed_shares,centralized_counter,69,partition,site-a,False,central_unreachable,0,,,237
skew_demand_placed_shares,centralized_counter,70,partition,site-a,False,central_unreachable,0,,,237
skew_demand_placed_shares,centralized_counter,71,partition,site-c,True,authorized,353800,,,236
skew_demand_placed_shares,centralized_counter,72,partition,site-a,False,central_unreachable,0,,,236
skew_demand_placed_shares,centralized_counter,73,partition,site-a,False,central_unreachable,0,,,236
skew_demand_placed_shares,centralized_counter,74,partition,site-a,False,central_unreachable,0,,,236
skew_demand_placed_shares,centralized_counter,75,partition,site-b,True,authorized,282200,,,235
skew_demand_placed_shares,centralized_counter,76,partition,site-a,False,central_unreachable,0,,,235
skew_demand_placed_shares,centralized_counter,77,partition,site-c,True,authorized,294800,,,234
skew_demand_placed_shares,centralized_counter,78,partition,site-a,False,central_unreachable,0,,,234
skew_demand_placed_shares,centralized_counter,79,partition,site-a,False,central_unreachable,0,,,234
skew_demand_placed_shares,centralized_counter,80,partition,site-a,False,central_unreachable,0,,,234
skew_demand_placed_shares,centralized_counter,81,partition,site-a,False,central_unreachable,0,,,234
skew_demand_placed_shares,centralized_counter,82,partition,site-b,True,authorized,270400,,,233
skew_demand_placed_shares,centralized_counter,83,partition,site-a,False,central_unreachable,0,,,233
skew_demand_placed_shares,centralized_counter,84,partition,site-c,True,authorized,278300,,,232
skew_demand_placed_shares,centralized_counter,85,partition,site-a,False,central_unreachable,0,,,232
skew_demand_placed_shares,centralized_counter,86,partition,site-a,False,central_unreachable,0,,,232
skew_demand_placed_shares,centralized_counter,87,partition,site-a,False,central_unreachable,0,,,232
skew_demand_placed_shares,centralized_counter,88,partition,site-b,True,authorized,269300,,,231
skew_demand_placed_shares,centralized_counter,89,partition,site-a,False,central_unreachable,0,,,231
skew_demand_placed_shares,centralized_counter,90,partition,site-a,False,central_unreachable,0,,,231
skew_demand_placed_shares,centralized_counter,91,partition,site-c,True,authorized,283900,,,230
skew_demand_placed_shares,centralized_counter,92,partition,site-a,False,central_unreachable,0,,,230
skew_demand_placed_shares,centralized_counter,93,partition,site-a,False,central_unreachable,0,,,230
skew_demand_placed_shares,centralized_counter,94,partition,site-a,False,central_unreachable,0,,,230
skew_demand_placed_shares,centralized_counter,95,partition,site-b,True,authorized,279700,,,229
skew_demand_placed_shares,centralized_counter,96,partition,site-a,False,central_unreachable,0,,,229
skew_demand_placed_shares,centralized_counter,97,partition,site-c,True,authorized,304800,,,228
skew_demand_placed_shares,centralized_counter,98,partition,site-a,False,central_unreachable,0,,,228
skew_demand_placed_shares,centralized_counter,99,partition,site-a,False,central_unreachable,0,,,228
skew_demand_placed_shares,centralized_counter,100,partition,site-a,False,central_unreachable,0,,,228
skew_demand_placed_shares,centralized_counter,101,partition,site-a,False,central_unreachable,0,,,228
skew_demand_placed_shares,centralized_counter,102,partition,site-b,True,authorized,278800,,,227
skew_demand_placed_shares,centralized_counter,103,partition,site-a,False,central_unreachable,0,,,227
skew_demand_placed_shares,centralized_counter,104,partition,site-c,True,authorized,286500,,,226
skew_demand_placed_shares,centralized_counter,105,partition,site-a,False,central_unreachable,0,,,226
skew_demand_placed_shares,centralized_counter,106,partition,site-a,False,central_unreachable,0,,,226
skew_demand_placed_shares,centralized_counter,107,partition,site-a,False,central_unreachable,0,,,226
skew_demand_placed_shares,centralized_counter,108,partition,site-b,True,authorized,285800,,,225
skew_demand_placed_shares,centralized_counter,109,partition,site-a,False,central_unreachable,0,,,225
skew_demand_placed_shares,centralized_counter,110,partition,site-a,False,central_unreachable,0,,,225
skew_demand_placed_shares,centralized_counter,111,partition,site-c,True,authorized,341000,,,224
skew_demand_placed_shares,centralized_counter,112,partition,site-a,False,central_unreachable,0,,,224
skew_demand_placed_shares,centralized_counter,113,partition,site-a,False,central_unreachable,0,,,224
skew_demand_placed_shares,centralized_counter,114,partition,site-a,False,central_unreachable,0,,,224
skew_demand_placed_shares,centralized_counter,115,partition,site-b,True,authorized,307800,,,223
skew_demand_placed_shares,centralized_counter,116,partition,site-a,False,central_unreachable,0,,,223
skew_demand_placed_shares,centralized_counter,117,partition,site-c,True,authorized,319100,,,222
skew_demand_placed_shares,centralized_counter,118,partition,site-a,False,central_unreachable,0,,,222
skew_demand_placed_shares,centralized_counter,119,partition,site-a,False,central_unreachable,0,,,222
skew_demand_placed_shares,centralized_counter,120,partition,site-a,False,central_unreachable,0,,,222
skew_demand_placed_shares,centralized_counter,121,partition,site-a,False,central_unreachable,0,,,222
skew_demand_placed_shares,centralized_counter,122,partition,site-b,True,authorized,314900,,,221
skew_demand_placed_shares,centralized_counter,123,partition,site-a,False,central_unreachable,0,,,221
skew_demand_placed_shares,centralized_counter,124,partition,site-c,True,authorized,312700,,,220
skew_demand_placed_shares,centralized_counter,125,partition,site-a,False,central_unreachable,0,,,220
skew_demand_placed_shares,centralized_counter,126,partition,site-a,False,central_unreachable,0,,,220
skew_demand_placed_shares,centralized_counter,127,partition,site-a,False,central_unreachable,0,,,220
skew_demand_placed_shares,centralized_counter,128,partition,site-b,True,authorized,276800,,,219
skew_demand_placed_shares,centralized_counter,129,partition,site-a,False,central_unreachable,0,,,219
skew_demand_placed_shares,centralized_counter,130,partition,site-a,False,central_unreachable,0,,,219
skew_demand_placed_shares,centralized_counter,131,partition,site-c,True,authorized,338200,,,218
skew_demand_placed_shares,centralized_counter,132,partition,site-a,False,central_unreachable,0,,,218
skew_demand_placed_shares,centralized_counter,133,partition,site-a,False,central_unreachable,0,,,218
skew_demand_placed_shares,centralized_counter,134,partition,site-a,False,central_unreachable,0,,,218
skew_demand_placed_shares,centralized_counter,135,partition,site-b,True,authorized,263700,,,217
skew_demand_placed_shares,centralized_counter,136,partition,site-a,False,central_unreachable,0,,,217
skew_demand_placed_shares,centralized_counter,137,partition,site-c,True,authorized,276700,,,216
skew_demand_placed_shares,centralized_counter,138,partition,site-a,False,central_unreachable,0,,,216
skew_demand_placed_shares,centralized_counter,139,partition,site-a,False,central_unreachable,0,,,216
skew_demand_placed_shares,centralized_counter,140,partition,site-a,False,central_unreachable,0,,,216
skew_demand_placed_shares,centralized_counter,141,partition,site-a,False,central_unreachable,0,,,216
skew_demand_placed_shares,centralized_counter,142,partition,site-b,True,authorized,303200,,,215
skew_demand_placed_shares,centralized_counter,143,partition,site-a,False,central_unreachable,0,,,215
skew_demand_placed_shares,centralized_counter,144,partition,site-c,True,authorized,283200,,,214
skew_demand_placed_shares,centralized_counter,145,partition,site-a,False,central_unreachable,0,,,214
skew_demand_placed_shares,centralized_counter,146,partition,site-a,False,central_unreachable,0,,,214
skew_demand_placed_shares,centralized_counter,147,partition,site-a,False,central_unreachable,0,,,214
skew_demand_placed_shares,centralized_counter,148,partition,site-b,True,authorized,284200,,,213
skew_demand_placed_shares,centralized_counter,149,partition,site-a,False,central_unreachable,0,,,213
skew_demand_placed_shares,centralized_counter,150,partition,site-a,False,central_unreachable,0,,,213
skew_demand_placed_shares,centralized_counter,151,partition,site-c,True,authorized,330400,,,212
skew_demand_placed_shares,centralized_counter,152,partition,site-a,False,central_unreachable,0,,,212
skew_demand_placed_shares,centralized_counter,153,partition,site-a,False,central_unreachable,0,,,212
skew_demand_placed_shares,centralized_counter,154,partition,site-a,False,central_unreachable,0,,,212
skew_demand_placed_shares,centralized_counter,155,partition,site-b,True,authorized,285300,,,211
skew_demand_placed_shares,centralized_counter,156,partition,site-a,False,central_unreachable,0,,,211
skew_demand_placed_shares,centralized_counter,157,partition,site-c,True,authorized,275500,,,210
skew_demand_placed_shares,centralized_counter,158,partition,site-a,False,central_unreachable,0,,,210
skew_demand_placed_shares,centralized_counter,159,partition,site-a,False,central_unreachable,0,,,210
skew_demand_placed_shares,centralized_counter,160,partition,site-a,False,central_unreachable,0,,,210
skew_demand_placed_shares,centralized_counter,161,partition,site-a,False,central_unreachable,0,,,210
skew_demand_placed_shares,centralized_counter,162,partition,site-b,True,authorized,276500,,,209
skew_demand_placed_shares,centralized_counter,163,partition,site-a,False,central_unreachable,0,,,209
skew_demand_placed_shares,centralized_counter,164,partition,site-c,True,authorized,297000,,,208
skew_demand_placed_shares,centralized_counter,165,partition,site-a,False,central_unreachable,0,,,208
skew_demand_placed_shares,centralized_counter,166,partition,site-a,False,central_unreachable,0,,,208
skew_demand_placed_shares,centralized_counter,167,partition,site-a,False,central_unreachable,0,,,208
skew_demand_placed_shares,centralized_counter,168,partition,site-b,True,authorized,294200,,,207
skew_demand_placed_shares,centralized_counter,169,partition,site-a,False,central_unreachable,0,,,207
skew_demand_placed_shares,centralized_counter,170,partition,site-a,False,central_unreachable,0,,,207
skew_demand_placed_shares,centralized_counter,171,partition,site-c,True,authorized,285400,,,206
skew_demand_placed_shares,centralized_counter,172,partition,site-a,False,central_unreachable,0,,,206
skew_demand_placed_shares,centralized_counter,173,partition,site-a,False,central_unreachable,0,,,206
skew_demand_placed_shares,centralized_counter,174,partition,site-a,False,central_unreachable,0,,,206
skew_demand_placed_shares,centralized_counter,175,partition,site-b,True,authorized,271900,,,205
skew_demand_placed_shares,centralized_counter,176,partition,site-a,False,central_unreachable,0,,,205
skew_demand_placed_shares,centralized_counter,177,partition,site-c,True,authorized,328700,,,204
skew_demand_placed_shares,centralized_counter,178,partition,site-a,False,central_unreachable,0,,,204
skew_demand_placed_shares,centralized_counter,179,partition,site-a,False,central_unreachable,0,,,204
skew_demand_placed_shares,centralized_counter,180,partition,site-a,False,central_unreachable,0,,,204
skew_demand_placed_shares,centralized_counter,181,partition,site-a,False,central_unreachable,0,,,204
skew_demand_placed_shares,centralized_counter,182,partition,site-b,True,authorized,372300,,,203
skew_demand_placed_shares,centralized_counter,183,partition,site-a,False,central_unreachable,0,,,203
skew_demand_placed_shares,centralized_counter,184,partition,site-c,True,authorized,362200,,,202
skew_demand_placed_shares,centralized_counter,185,partition,site-a,False,central_unreachable,0,,,202
skew_demand_placed_shares,centralized_counter,186,partition,site-a,False,central_unreachable,0,,,202
skew_demand_placed_shares,centralized_counter,187,partition,site-a,False,central_unreachable,0,,,202
skew_demand_placed_shares,centralized_counter,188,partition,site-b,True,authorized,283300,,,201
skew_demand_placed_shares,centralized_counter,189,partition,site-a,False,central_unreachable,0,,,201
skew_demand_placed_shares,centralized_counter,190,partition,site-a,False,central_unreachable,0,,,201
skew_demand_placed_shares,centralized_counter,191,partition,site-c,True,authorized,288500,,,200
skew_demand_placed_shares,centralized_counter,192,partition,site-a,False,central_unreachable,0,,,200
skew_demand_placed_shares,centralized_counter,193,partition,site-a,False,central_unreachable,0,,,200
skew_demand_placed_shares,centralized_counter,194,partition,site-a,False,central_unreachable,0,,,200
skew_demand_placed_shares,centralized_counter,195,partition,site-b,True,authorized,277400,,,199
skew_demand_placed_shares,centralized_counter,196,partition,site-a,False,central_unreachable,0,,,199
skew_demand_placed_shares,centralized_counter,197,partition,site-c,True,authorized,288600,,,198
skew_demand_placed_shares,centralized_counter,198,partition,site-a,False,central_unreachable,0,,,198
skew_demand_placed_shares,centralized_counter,199,partition,site-a,False,central_unreachable,0,,,198
skew_demand_placed_shares,centralized_counter,200,partition,site-a,False,central_unreachable,0,,,198
skew_demand_placed_shares,centralized_counter,201,partition,site-a,False,central_unreachable,0,,,198
skew_demand_placed_shares,centralized_counter,202,partition,site-b,True,authorized,309900,,,197
skew_demand_placed_shares,centralized_counter,203,partition,site-a,False,central_unreachable,0,,,197
skew_demand_placed_shares,centralized_counter,204,partition,site-c,True,authorized,279800,,,196
skew_demand_placed_shares,centralized_counter,205,partition,site-a,False,central_unreachable,0,,,196
skew_demand_placed_shares,centralized_counter,206,partition,site-a,False,central_unreachable,0,,,196
skew_demand_placed_shares,centralized_counter,207,partition,site-a,False,central_unreachable,0,,,196
skew_demand_placed_shares,centralized_counter,208,partition,site-b,True,authorized,284100,,,195
skew_demand_placed_shares,centralized_counter,209,partition,site-a,False,central_unreachable,0,,,195
skew_demand_placed_shares,centralized_counter,210,recovery,site-a,True,authorized,288500,,,194
skew_demand_placed_shares,centralized_counter,211,recovery,site-c,True,authorized,285100,,,193
skew_demand_placed_shares,centralized_counter,212,recovery,site-a,True,authorized,302600,,,192
skew_demand_placed_shares,centralized_counter,213,recovery,site-a,True,authorized,283400,,,191
skew_demand_placed_shares,centralized_counter,214,recovery,site-a,True,authorized,281100,,,190
skew_demand_placed_shares,centralized_counter,215,recovery,site-b,True,authorized,284800,,,189
skew_demand_placed_shares,centralized_counter,216,recovery,site-a,True,authorized,285900,,,188
skew_demand_placed_shares,centralized_counter,217,recovery,site-c,True,authorized,299200,,,187
skew_demand_placed_shares,centralized_counter,218,recovery,site-a,True,authorized,274900,,,186
skew_demand_placed_shares,centralized_counter,219,recovery,site-a,True,authorized,288800,,,185
skew_demand_placed_shares,centralized_counter,220,recovery,site-a,True,authorized,288900,,,184
skew_demand_placed_shares,centralized_counter,221,recovery,site-a,True,authorized,289900,,,183
skew_demand_placed_shares,centralized_counter,222,recovery,site-b,True,authorized,313400,,,182
skew_demand_placed_shares,centralized_counter,223,recovery,site-a,True,authorized,317600,,,181
skew_demand_placed_shares,centralized_counter,224,recovery,site-c,True,authorized,282800,,,180
skew_demand_placed_shares,centralized_counter,225,recovery,site-a,True,authorized,305100,,,179
skew_demand_placed_shares,centralized_counter,226,recovery,site-a,True,authorized,283000,,,178
skew_demand_placed_shares,centralized_counter,227,recovery,site-a,True,authorized,300400,,,177
skew_demand_placed_shares,centralized_counter,228,recovery,site-b,True,authorized,370800,,,176
skew_demand_placed_shares,centralized_counter,229,recovery,site-a,True,authorized,318300,,,175
skew_demand_placed_shares,centralized_counter,230,recovery,site-a,True,authorized,306100,,,174
skew_demand_placed_shares,centralized_counter,231,recovery,site-c,True,authorized,289700,,,173
skew_demand_placed_shares,centralized_counter,232,recovery,site-a,True,authorized,277300,,,172
skew_demand_placed_shares,centralized_counter,233,recovery,site-a,True,authorized,285100,,,171
skew_demand_placed_shares,centralized_counter,234,recovery,site-a,True,authorized,272500,,,170
skew_demand_placed_shares,centralized_counter,235,recovery,site-b,True,authorized,288400,,,169
skew_demand_placed_shares,centralized_counter,236,recovery,site-a,True,authorized,285900,,,168
skew_demand_placed_shares,centralized_counter,237,recovery,site-c,True,authorized,303800,,,167
skew_demand_placed_shares,centralized_counter,238,recovery,site-a,True,authorized,284400,,,166
skew_demand_placed_shares,centralized_counter,239,recovery,site-a,True,authorized,298200,,,165
skew_demand_placed_shares,centralized_counter,240,recovery,site-a,True,authorized,284900,,,164
skew_demand_placed_shares,centralized_counter,241,recovery,site-a,True,authorized,281000,,,163
skew_demand_placed_shares,centralized_counter,242,recovery,site-b,True,authorized,292100,,,162
skew_demand_placed_shares,centralized_counter,243,recovery,site-a,True,authorized,271900,,,161
skew_demand_placed_shares,centralized_counter,244,recovery,site-c,True,authorized,331700,,,160
skew_demand_placed_shares,centralized_counter,245,recovery,site-a,True,authorized,305000,,,159
skew_demand_placed_shares,centralized_counter,246,recovery,site-a,True,authorized,286600,,,158
skew_demand_placed_shares,centralized_counter,247,recovery,site-a,True,authorized,326900,,,157
skew_demand_placed_shares,centralized_counter,248,recovery,site-b,True,authorized,315900,,,156
skew_demand_placed_shares,centralized_counter,249,recovery,site-a,True,authorized,301100,,,155
skew_demand_placed_shares,centralized_counter,250,recovery,site-a,True,authorized,298000,,,154
skew_demand_placed_shares,centralized_counter,251,recovery,site-c,True,authorized,279700,,,153
skew_demand_placed_shares,centralized_counter,252,recovery,site-a,True,authorized,320300,,,152
skew_demand_placed_shares,centralized_counter,253,recovery,site-a,True,authorized,347500,,,151
skew_demand_placed_shares,centralized_counter,254,recovery,site-a,True,authorized,331000,,,150
skew_demand_placed_shares,centralized_counter,255,recovery,site-b,True,authorized,322300,,,149
skew_demand_placed_shares,centralized_counter,256,recovery,site-a,True,authorized,327400,,,148
skew_demand_placed_shares,centralized_counter,257,recovery,site-c,True,authorized,325000,,,147
skew_demand_placed_shares,centralized_counter,258,recovery,site-a,True,authorized,357400,,,146
skew_demand_placed_shares,centralized_counter,259,recovery,site-a,True,authorized,323000,,,145
skew_demand_placed_shares,centralized_counter,260,recovery,site-a,True,authorized,318200,,,144
skew_demand_placed_shares,centralized_counter,261,recovery,site-a,True,authorized,322000,,,143
skew_demand_placed_shares,centralized_counter,262,recovery,site-b,True,authorized,323900,,,142
skew_demand_placed_shares,centralized_counter,263,recovery,site-a,True,authorized,337500,,,141
skew_demand_placed_shares,centralized_counter,264,recovery,site-c,True,authorized,323300,,,140
skew_demand_placed_shares,centralized_counter,265,recovery,site-a,True,authorized,341400,,,139
skew_demand_placed_shares,centralized_counter,266,recovery,site-a,True,authorized,357400,,,138
skew_demand_placed_shares,centralized_counter,267,recovery,site-a,True,authorized,399400,,,137
skew_demand_placed_shares,centralized_counter,268,recovery,site-b,True,authorized,407100,,,136
skew_demand_placed_shares,centralized_counter,269,recovery,site-a,True,authorized,348000,,,135
skew_demand_placed_shares,centralized_counter,270,recovery,site-a,True,authorized,326900,,,134
skew_demand_placed_shares,centralized_counter,271,recovery,site-c,True,authorized,336500,,,133
skew_demand_placed_shares,centralized_counter,272,recovery,site-a,True,authorized,343400,,,132
skew_demand_placed_shares,centralized_counter,273,recovery,site-a,True,authorized,365700,,,131
skew_demand_placed_shares,centralized_counter,274,recovery,site-a,True,authorized,374000,,,130
skew_demand_placed_shares,centralized_counter,275,recovery,site-b,True,authorized,410500,,,129
skew_demand_placed_shares,centralized_counter,276,recovery,site-a,True,authorized,332200,,,128
skew_demand_placed_shares,centralized_counter,277,recovery,site-c,True,authorized,317300,,,127
skew_demand_placed_shares,centralized_counter,278,recovery,site-a,True,authorized,345700,,,126
skew_demand_placed_shares,centralized_counter,279,recovery,site-a,True,authorized,465900,,,125
skew_demand_placed_shares,centralized_counter,280,recovery,site-a,True,authorized,682000,,,124
skew_demand_placed_shares,centralized_counter,281,recovery,site-a,True,authorized,997500,,,123
skew_demand_placed_shares,centralized_counter,282,recovery,site-b,True,authorized,481400,,,122
skew_demand_placed_shares,centralized_counter,283,recovery,site-a,True,authorized,494000,,,121
skew_demand_placed_shares,centralized_counter,284,recovery,site-c,True,authorized,321300,,,120
skew_demand_placed_shares,centralized_counter,285,recovery,site-a,True,authorized,357100,,,119
skew_demand_placed_shares,centralized_counter,286,recovery,site-a,True,authorized,326700,,,118
skew_demand_placed_shares,centralized_counter,287,recovery,site-a,True,authorized,351600,,,117
skew_demand_placed_shares,centralized_counter,288,recovery,site-b,True,authorized,351200,,,116
skew_demand_placed_shares,centralized_counter,289,recovery,site-a,True,authorized,274600,,,115
skew_demand_placed_shares,centralized_counter,290,recovery,site-a,True,authorized,315900,,,114
skew_demand_placed_shares,centralized_counter,291,recovery,site-c,True,authorized,282000,,,113
skew_demand_placed_shares,centralized_counter,292,recovery,site-a,True,authorized,331100,,,112
skew_demand_placed_shares,centralized_counter,293,recovery,site-a,True,authorized,278200,,,111
skew_demand_placed_shares,centralized_counter,294,recovery,site-a,True,authorized,341200,,,110
skew_demand_placed_shares,centralized_counter,295,recovery,site-b,True,authorized,279200,,,109
skew_demand_placed_shares,centralized_counter,296,recovery,site-a,True,authorized,318100,,,108
skew_demand_placed_shares,centralized_counter,297,recovery,site-c,True,authorized,323100,,,107
skew_demand_placed_shares,centralized_counter,298,recovery,site-a,True,authorized,364900,,,106
skew_demand_placed_shares,centralized_counter,299,recovery,site-a,True,authorized,297300,,,105
