scenario,scheme,index,phase,site,authorized,reason,latency_ns,aggregate_consumed,aggregate_spendable,central_remaining
balanced_equal_shares,lets,0,normal,site-a,True,authorized_and_claimed,10159300,1,299,
balanced_equal_shares,lets,1,normal,site-b,True,authorized_and_claimed,9498500,2,298,
balanced_equal_shares,lets,2,normal,site-c,True,authorized_and_claimed,9386300,3,297,
balanced_equal_shares,lets,3,normal,site-a,True,authorized_and_claimed,10044500,4,296,
balanced_equal_shares,lets,4,normal,site-b,True,authorized_and_claimed,9862100,5,295,
balanced_equal_shares,lets,5,normal,site-c,True,authorized_and_claimed,10063300,6,294,
balanced_equal_shares,lets,6,normal,site-a,True,authorized_and_claimed,10380200,7,293,
balanced_equal_shares,lets,7,normal,site-b,True,authorized_and_claimed,11178100,8,292,
balanced_equal_shares,lets,8,normal,site-c,True,authorized_and_claimed,9996600,9,291,
balanced_equal_shares,lets,9,normal,site-a,True,authorized_and_claimed,9904700,10,290,
balanced_equal_shares,lets,10,normal,site-b,True,authorized_and_claimed,10070700,11,289,
balanced_equal_shares,lets,11,normal,site-c,True,authorized_and_claimed,9974500,12,288,
balanced_equal_shares,lets,12,normal,site-a,True,authorized_and_claimed,10014100,13,287,
balanced_equal_shares,lets,13,normal,site-b,True,authorized_and_claimed,9928600,14,286,
balanced_equal_shares,lets,14,normal,site-c,True,authorized_and_claimed,10085000,15,285,
balanced_equal_shares,lets,15,normal,site-a,True,authorized_and_claimed,10487800,16,284,
balanced_equal_shares,lets,16,normal,site-b,True,authorized_and_claimed,11440700,17,283,
balanced_equal_shares,lets,17,normal,site-c,True,authorized_and_claimed,10034300,18,282,
balanced_equal_shares,lets,18,normal,site-a,True,authorized_and_claimed,10114300,19,281,
balanced_equal_shares,lets,19,normal,site-b,True,authorized_and_claimed,10026700,20,280,
balanced_equal_shares,lets,20,normal,site-c,True,authorized_and_claimed,9899700,21,279,
balanced_equal_shares,lets,21,normal,site-a,True,authorized_and_claimed,9935400,22,278,
balanced_equal_shares,lets,22,normal,site-b,True,authorized_and_claimed,10457900,23,277,
balanced_equal_shares,lets,23,normal,site-c,True,authorized_and_claimed,10094700,24,276,
balanced_equal_shares,lets,24,normal,site-a,True,authorized_and_claimed,11011800,25,275,
balanced_equal_shares,lets,25,normal,site-b,True,authorized_and_claimed,11304300,26,274,
balanced_equal_shares,lets,26,normal,site-c,True,authorized_and_claimed,10000200,27,273,
balanced_equal_shares,lets,27,normal,site-a,True,authorized_and_claimed,10039700,28,272,
balanced_equal_shares,lets,28,normal,site-b,True,authorized_and_claimed,9981500,29,271,
balanced_equal_shares,lets,29,normal,site-c,True,authorized_and_claimed,9966000,30,270,
balanced_equal_shares,lets,30,normal,site-a,True,authorized_and_claimed,10251000,31,269,
balanced_equal_shares,lets,31,normal,site-b,True,authorized_and_claimed,10387700,32,268,
balanced_equal_shares,lets,32,normal,site-c,True,authorized_and_claimed,10048900,33,267,
balanced_equal_shares,lets,33,normal,site-a,True,authorized_and_claimed,11482700,34,266,
balanced_equal_shares,lets,34,normal,site-b,True,authorized_and_claimed,10690600,35,265,
balanced_equal_shares,lets,35,normal,site-c,True,authorized_and_claimed,10277400,36,264,
balanced_equal_shares,lets,36,normal,site-a,True,authorized_and_claimed,10028100,37,263,
balanced_equal_shares,lets,37,normal,site-b,True,authorized_and_claimed,10488000,38,262,
balanced_equal_shares,lets,38,normal,site-c,True,authorized_and_claimed,10333000,39,261,
balanced_equal_shares,lets,39,normal,site-a,True,authorized_and_claimed,10158100,40,260,
balanced_equal_shares,lets,40,normal,site-b,True,authorized_and_claimed,10054300,41,259,
balanced_equal_shares,lets,41,normal,site-c,True,authorized_and_claimed,10237500,42,258,
balanced_equal_shares,lets,42,normal,site-a,True,authorized_and_claimed,11552300,43,257,
balanced_equal_shares,lets,43,normal,site-b,True,authorized_and_claimed,10528700,44,256,
balanced_equal_shares,lets,44,normal,site-c,True,authorized_and_claimed,9862700,45,255,
balanced_equal_shares,lets,45,normal,site-a,True,authorized_and_claimed,10814500,46,254,
balanced_equal_shares,lets,46,normal,site-b,True,authorized_and_claimed,10266900,47,253,
balanced_equal_shares,lets,47,normal,site-c,True,authorized_and_claimed,10168700,48,252,
balanced_equal_shares,lets,48,normal,site-a,True,authorized_and_claimed,9921800,49,251,
balanced_equal_shares,lets,49,normal,site-b,True,authorized_and_claimed,10021500,50,250,
balanced_equal_shares,lets,50,normal,site-c,True,authorized_and_claimed,9711400,51,249,
balanced_equal_shares,lets,51,normal,site-a,True,authorized_and_claimed,11902100,52,248,
balanced_equal_shares,lets,52,normal,site-b,True,authorized_and_claimed,11819300,53,247,
balanced_equal_shares,lets,53,normal,site-c,True,authorized_and_claimed,10603900,54,246,
balanced_equal_shares,lets,54,normal,site-a,True,authorized_and_claimed,10085900,55,245,
balanced_equal_shares,lets,55,normal,site-b,True,authorized_and_claimed,10408000,56,244,
balanced_equal_shares,lets,56,normal,site-c,True,authorized_and_claimed,10340900,57,243,
balanced_equal_shares,lets,57,normal,site-a,True,authorized_and_claimed,10310900,58,242,
balanced_equal_shares,lets,58,normal,site-b,True,authorized_and_claimed,10894500,59,241,
balanced_equal_shares,lets,59,normal,site-c,True,authorized_and_claimed,10111200,60,240,
balanced_equal_shares,lets,60,partition,site-a,True,authorized_and_claimed,11894400,61,239,
balanced_equal_shares,lets,61,partition,site-b,True,authorized_and_claimed,11052400,62,238,
balanced_equal_shares,lets,62,partition,site-c,True,authorized_and_claimed,10360300,63,237,
balanced_equal_shares,lets,63,partition,site-a,True,authorized_and_claimed,9799200,64,236,
balanced_equal_shares,lets,64,partition,site-b,True,authorized_and_claimed,10008900,65,235,
balanced_equal_shares,lets,65,partition,site-c,True,authorized_and_claimed,10085700,66,234,
balanced_equal_shares,lets,66,partition,site-a,True,authorized_and_claimed,10185200,67,233,
balanced_equal_shares,lets,67,partition,site-b,True,authorized_and_claimed,10183700,68,232,
balanced_equal_shares,lets,68,partition,site-c,True,authorized_and_claimed,9901100,69,231,
balanced_equal_shares,lets,69,partition,site-a,True,authorized_and_claimed,12022000,70,230,
balanced_equal_shares,lets,70,partition,site-b,True,authorized_and_claimed,10142100,71,229,
balanced_equal_shares,lets,71,partition,site-c,True,authorized_and_claimed,10184700,72,228,
balanced_equal_shares,lets,72,partition,site-a,True,authorized_and_claimed,10086100,73,227,
balanced_equal_shares,lets,73,partition,site-b,True,authorized_and_claimed,10832600,74,226,
balanced_equal_shares,lets,74,partition,site-c,True,authorized_and_claimed,10367700,75,225,
balanced_equal_shares,lets,75,partition,site-a,True,authorized_and_claimed,10325600,76,224,
balanced_equal_shares,lets,76,partition,site-b,True,authorized_and_claimed,10156800,77,223,
balanced_equal_shares,lets,77,partition,site-c,True,authorized_and_claimed,9988600,78,222,
balanced_equal_shares,lets,78,partition,site-a,True,authorized_and_claimed,11722700,79,221,
balanced_equal_shares,lets,79,partition,site-b,True,authorized_and_claimed,10686300,80,220,
balanced_equal_shares,lets,80,partition,site-c,True,authorized_and_claimed,10314200,81,219,
balanced_equal_shares,lets,81,partition,site-a,True,authorized_and_claimed,9953600,82,218,
balanced_equal_shares,lets,82,partition,site-b,True,authorized_and_claimed,10128800,83,217,
balanced_equal_shares,lets,83,partition,site-c,True,authorized_and_claimed,10313600,84,216,
balanced_equal_shares,lets,84,partition,site-a,True,authorized_and_claimed,10162400,85,215,
balanced_equal_shares,lets,85,partition,site-b,True,authorized_and_claimed,10044200,86,214,
balanced_equal_shares,lets,86,partition,site-c,True,authorized_and_claimed,10174100,87,213,
balanced_equal_shares,lets,87,partition,site-a,True,authorized_and_claimed,12079500,88,212,
balanced_equal_shares,lets,88,partition,site-b,True,authorized_and_claimed,10406800,89,211,
balanced_equal_shares,lets,89,partition,site-c,True,authorized_and_claimed,10400300,90,210,
balanced_equal_shares,lets,90,partition,site-a,True,authorized_and_claimed,10271300,91,209,
balanced_equal_shares,lets,91,partition,site-b,True,authorized_and_claimed,10157200,92,208,
balanced_equal_shares,lets,92,partition,site-c,True,authorized_and_claimed,10209300,93,207,
balanced_equal_shares,lets,93,partition,site-a,True,authorized_and_claimed,10272900,94,206,
balanced_equal_shares,lets,94,partition,site-b,True,authorized_and_claimed,11054100,95,205,
balanced_equal_shares,lets,95,partition,site-c,True,authorized_and_claimed,10834100,96,204,
balanced_equal_shares,lets,96,partition,site-a,True,authorized_and_claimed,11647900,97,203,
balanced_equal_shares,lets,97,partition,site-b,True,authorized_and_claimed,11124400,98,202,
balanced_equal_shares,lets,98,partition,site-c,True,authorized_and_claimed,10687800,99,201,
balanced_equal_shares,lets,99,partition,site-a,True,authorized_and_claimed,10501400,100,200,
balanced_equal_shares,lets,100,partition,site-b,True,authorized_and_claimed,10290600,101,199,
balanced_equal_shares,lets,101,partition,site-c,True,authorized_and_claimed,10285600,102,198,
balanced_equal_shares,lets,102,partition,site-a,True,authorized_and_claimed,10426400,103,197,
balanced_equal_shares,lets,103,partition,site-b,True,authorized_and_claimed,10257000,104,196,
balanced_equal_shares,lets,104,partition,site-c,True,authorized_and_claimed,11042900,105,195,
balanced_equal_shares,lets,105,partition,site-a,True,authorized_and_claimed,12515100,106,194,
balanced_equal_shares,lets,106,partition,site-b,True,authorized_and_claimed,10961000,107,193,
balanced_equal_shares,lets,107,partition,site-c,True,authorized_and_claimed,10450100,108,192,
balanced_equal_shares,lets,108,partition,site-a,True,authorized_and_claimed,10307800,109,191,
balanced_equal_shares,lets,109,partition,site-b,True,authorized_and_claimed,10826800,110,190,
balanced_equal_shares,lets,110,partition,site-c,True,authorized_and_claimed,10191800,111,189,
balanced_equal_shares,lets,111,partition,site-a,True,authorized_and_claimed,10346800,112,188,
balanced_equal_shares,lets,112,partition,site-b,True,authorized_and_claimed,11047000,113,187,
balanced_equal_shares,lets,113,partition,site-c,True,authorized_and_claimed,11929400,114,186,
balanced_equal_shares,lets,114,partition,site-a,True,authorized_and_claimed,10057500,115,185,
balanced_equal_shares,lets,115,partition,site-b,True,authorized_and_claimed,10877000,116,184,
balanced_equal_shares,lets,116,partition,site-c,True,authorized_and_claimed,10496000,117,183,
balanced_equal_shares,lets,117,partition,site-a,True,authorized_and_claimed,10536600,118,182,
balanced_equal_shares,lets,118,partition,site-b,True,authorized_and_claimed,10760400,119,181,
balanced_equal_shares,lets,119,partition,site-c,True,authorized_and_claimed,10625000,120,180,
balanced_equal_shares,lets,120,partition,site-a,True,authorized_and_claimed,10403100,121,179,
balanced_equal_shares,lets,121,partition,site-b,True,authorized_and_claimed,12881300,122,178,
balanced_equal_shares,lets,122,partition,site-c,True,authorized_and_claimed,10619900,123,177,
balanced_equal_shares,lets,123,partition,site-a,True,authorized_and_claimed,10375700,124,176,
balanced_equal_shares,lets,124,partition,site-b,True,authorized_and_claimed,10936600,125,175,
balanced_equal_shares,lets,125,partition,site-c,True,authorized_and_claimed,10542000,126,174,
balanced_equal_shares,lets,126,partition,site-a,True,authorized_and_claimed,10177700,127,173,
balanced_equal_shares,lets,127,partition,site-b,True,authorized_and_claimed,10401400,128,172,
balanced_equal_shares,lets,128,partition,site-c,True,authorized_and_claimed,10329900,129,171,
balanced_equal_shares,lets,129,partition,site-a,True,authorized_and_claimed,10272900,130,170,
balanced_equal_shares,lets,130,partition,site-b,True,authorized_and_claimed,12307900,131,169,
balanced_equal_shares,lets,131,partition,site-c,True,authorized_and_claimed,10408200,132,168,
balanced_equal_shares,lets,132,partition,site-a,True,authorized_and_claimed,10154900,133,167,
balanced_equal_shares,lets,133,partition,site-b,True,authorized_and_claimed,11008300,134,166,
balanced_equal_shares,lets,134,partition,site-c,True,authorized_and_claimed,10401500,135,165,
balanced_equal_shares,lets,135,partition,site-a,True,authorized_and_claimed,10374300,136,164,
balanced_equal_shares,lets,136,partition,site-b,True,authorized_and_claimed,11562100,137,163,
balanced_equal_shares,lets,137,partition,site-c,True,authorized_and_claimed,10619400,138,162,
balanced_equal_shares,lets,138,partition,site-a,True,authorized_and_claimed,10500400,139,161,
balanced_equal_shares,lets,139,partition,site-b,True,authorized_and_claimed,12618200,140,160,
balanced_equal_shares,lets,140,partition,site-c,True,authorized_and_claimed,10324000,141,159,
balanced_equal_shares,lets,141,partition,site-a,True,authorized_and_claimed,10321000,142,158,
balanced_equal_shares,lets,142,partition,site-b,True,authorized_and_claimed,10926400,143,157,
balanced_equal_shares,lets,143,partition,site-c,True,authorized_and_claimed,10184700,144,156,
balanced_equal_shares,lets,144,partition,site-a,True,authorized_and_claimed,10559600,145,155,
balanced_equal_shares,lets,145,partition,site-b,True,authorized_and_claimed,10474100,146,154,
balanced_equal_shares,lets,146,partition,site-c,True,authorized_and_claimed,10421200,147,153,
balanced_equal_shares,lets,147,partition,site-a,True,authorized_and_claimed,11043700,148,152,
balanced_equal_shares,lets,148,partition,site-b,True,authorized_and_claimed,11687400,149,151,
balanced_equal_shares,lets,149,partition,site-c,True,authorized_and_claimed,10377200,150,150,
balanced_equal_shares,lets,150,partition,site-a,True,authorized_and_claimed,10308600,151,149,
balanced_equal_shares,lets,151,partition,site-b,True,authorized_and_claimed,10949800,152,148,
balanced_equal_shares,lets,152,partition,site-c,True,authorized_and_claimed,10423900,153,147,
balanced_equal_shares,lets,153,partition,site-a,True,authorized_and_claimed,10467900,154,146,
balanced_equal_shares,lets,154,partition,site-b,True,authorized_and_claimed,10611100,155,145,
balanced_equal_shares,lets,155,partition,site-c,True,authorized_and_claimed,10484500,156,144,
balanced_equal_shares,lets,156,partition,site-a,True,authorized_and_claimed,11196300,157,143,
balanced_equal_shares,lets,157,partition,site-b,True,authorized_and_claimed,11873600,158,142,
balanced_equal_shares,lets,158,partition,site-c,True,authorized_and_claimed,10204400,159,141,
balanced_equal_shares,lets,159,partition,site-a,True,authorized_and_claimed,10504800,160,140,
balanced_equal_shares,lets,160,partition,site-b,True,authorized_and_claimed,10755300,161,139,
balanced_equal_shares,lets,161,partition,site-c,True,authorized_and_claimed,10399200,162,138,
balanced_equal_shares,lets,162,partition,site-a,True,authorized_and_claimed,10344600,163,137,
balanced_equal_shares,lets,163,partition,site-b,True,authorized_and_claimed,10973900,164,136,
balanced_equal_shares,lets,164,partition,site-c,True,authorized_and_claimed,10533800,165,135,
balanced_equal_shares,lets,165,partition,site-a,True,authorized_and_claimed,11767800,166,134,
balanced_equal_shares,lets,166,partition,site-b,True,authorized_and_claimed,11562900,167,133,
balanced_equal_shares,lets,167,partition,site-c,True,authorized_and_claimed,10586900,168,132,
balanced_equal_shares,lets,168,partition,site-a,True,authorized_and_claimed,10438100,169,131,
balanced_equal_shares,lets,169,partition,site-b,True,authorized_and_claimed,10292300,170,130,
balanced_equal_shares,lets,170,partition,site-c,True,authorized_and_claimed,10533400,171,129,
balanced_equal_shares,lets,171,partition,site-a,True,authorized_and_claimed,10310000,172,128,
balanced_equal_shares,lets,172,partition,site-b,True,authorized_and_claimed,10475100,173,127,
balanced_equal_shares,lets,173,partition,site-c,True,authorized_and_claimed,10366200,174,126,
balanced_equal_shares,lets,174,partition,site-a,True,authorized_and_claimed,11728200,175,125,
balanced_equal_shares,lets,175,partition,site-b,True,authorized_and_claimed,11071000,176,124,
balanced_equal_shares,lets,176,partition,site-c,True,authorized_and_claimed,10341700,177,123,
balanced_equal_shares,lets,177,partition,site-a,True,authorized_and_claimed,10258600,178,122,
balanced_equal_shares,lets,178,partition,site-b,True,authorized_and_claimed,10294100,179,121,
balanced_equal_shares,lets,179,partition,site-c,True,authorized_and_claimed,10407400,180,120,
balanced_equal_shares,lets,180,partition,site-a,True,authorized_and_claimed,10123000,181,119,
balanced_equal_shares,lets,181,partition,site-b,True,authorized_and_claimed,10181000,182,118,
balanced_equal_shares,lets,182,partition,site-c,True,authorized_and_claimed,10365400,183,117,
balanced_equal_shares,lets,183,partition,site-a,True,authorized_and_claimed,12251900,184,116,
balanced_equal_shares,lets,184,partition,site-b,True,authorized_and_claimed,10762400,185,115,
balanced_equal_shares,lets,185,partition,site-c,True,authorized_and_claimed,10804900,186,114,
balanced_equal_shares,lets,186,partition,site-a,True,authorized_and_claimed,10274300,187,113,
balanced_equal_shares,lets,187,partition,site-b,True,authorized_and_claimed,10529000,188,112,
balanced_equal_shares,lets,188,partition,site-c,True,authorized_and_claimed,10328500,189,111,
balanced_equal_shares,lets,189,partition,site-a,True,authorized_and_claimed,10387500,190,110,
balanced_equal_shares,lets,190,partition,site-b,True,authorized_and_claimed,11064400,191,109,
balanced_equal_shares,lets,191,partition,site-c,True,authorized_and_claimed,11182300,192,108,
balanced_equal_shares,lets,192,partition,site-a,True,authorized_and_claimed,11664300,193,107,
balanced_equal_shares,lets,193,partition,site-b,True,authorized_and_claimed,10787800,194,106,
balanced_equal_shares,lets,194,partition,site-c,True,authorized_and_claimed,10635300,195,105,
balanced_equal_shares,lets,195,partition,site-a,True,authorized_and_claimed,10250100,196,104,
balanced_equal_shares,lets,196,partition,site-b,True,authorized_and_claimed,10383100,197,103,
balanced_equal_shares,lets,197,partition,site-c,True,authorized_and_claimed,10537600,198,102,
balanced_equal_shares,lets,198,partition,site-a,True,authorized_and_claimed,10655600,199,101,
balanced_equal_shares,lets,199,partition,site-b,True,authorized_and_claimed,10926900,200,100,
balanced_equal_shares,lets,200,partition,site-c,True,authorized_and_claimed,12378900,201,99,
balanced_equal_shares,lets,201,partition,site-a,True,authorized_and_claimed,10478200,202,98,
balanced_equal_shares,lets,202,partition,site-b,True,authorized_and_claimed,11057300,203,97,
balanced_equal_shares,lets,203,partition,site-c,True,authorized_and_claimed,10412500,204,96,
balanced_equal_shares,lets,204,partition,site-a,True,authorized_and_claimed,10409100,205,95,
balanced_equal_shares,lets,205,partition,site-b,True,authorized_and_claimed,10455800,206,94,
balanced_equal_shares,lets,206,partition,site-c,True,authorized_and_claimed,10352300,207,93,
balanced_equal_shares,lets,207,partition,site-a,True,authorized_and_claimed,11016400,208,92,
balanced_equal_shares,lets,208,partition,site-b,True,authorized_and_claimed,12807200,209,91,
balanced_equal_shares,lets,209,partition,site-c,True,authorized_and_claimed,11264500,210,90,
balanced_equal_shares,lets,210,recovery,site-a,True,authorized_and_claimed,10923700,211,89,
balanced_equal_shares,lets,211,recovery,site-b,True,authorized_and_claimed,10382900,212,88,
balanced_equal_shares,lets,212,recovery,site-c,True,authorized_and_claimed,10531300,213,87,
balanced_equal_shares,lets,213,recovery,site-a,True,authorized_and_claimed,10237100,214,86,
balanced_equal_shares,lets,214,recovery,site-b,True,authorized_and_claimed,12291500,215,85,
balanced_equal_shares,lets,215,recovery,site-c,True,authorized_and_claimed,10572500,216,84,
balanced_equal_shares,lets,216,recovery,site-a,True,authorized_and_claimed,10448800,217,83,
balanced_equal_shares,lets,217,recovery,site-b,True,authorized_and_claimed,11030700,218,82,
balanced_equal_shares,lets,218,recovery,site-c,True,authorized_and_claimed,10578000,219,81,
balanced_equal_shares,lets,219,recovery,site-a,True,authorized_and_claimed,10514400,220,80,
balanced_equal_shares,lets,220,recovery,site-b,True,authorized_and_claimed,10947800,221,79,
balanced_equal_shares,lets,221,recovery,site-c,True,authorized_and_claimed,10639000,222,78,
balanced_equal_shares,lets,222,recovery,site-a,True,authorized_and_claimed,10149100,223,77,
balanced_equal_shares,lets,223,recovery,site-b,True,authorized_and_claimed,12353000,224,76,
balanced_equal_shares,lets,224,recovery,site-c,True,authorized_and_claimed,10258900,225,75,
balanced_equal_shares,lets,225,recovery,site-a,True,authorized_and_claimed,10387300,226,74,
balanced_equal_shares,lets,226,recovery,site-b,True,authorized_and_claimed,10524500,227,73,
balanced_equal_shares,lets,227,recovery,site-c,True,authorized_and_claimed,10596200,228,72,
balanced_equal_shares,lets,228,recovery,site-a,True,authorized_and_claimed,10294300,229,71,
balanced_equal_shares,lets,229,recovery,site-b,True,authorized_and_claimed,10423100,230,70,
balanced_equal_shares,lets,230,recovery,site-c,True,authorized_and_claimed,10363100,231,69,
balanced_equal_shares,lets,231,recovery,site-a,True,authorized_and_claimed,11353200,232,68,
balanced_equal_shares,lets,232,recovery,site-b,True,authorized_and_claimed,11631200,233,67,
balanced_equal_shares,lets,233,recovery,site-c,True,authorized_and_claimed,10967200,234,66,
balanced_equal_shares,lets,234,recovery,site-a,True,authorized_and_claimed,10337900,235,65,
balanced_equal_shares,lets,235,recovery,site-b,True,authorized_and_claimed,11150500,236,64,
balanced_equal_shares,lets,236,recovery,site-c,True,authorized_and_claimed,10624200,237,63,
balanced_equal_shares,lets,237,recovery,site-a,True,authorized_and_claimed,10525200,238,62,
balanced_equal_shares,lets,238,recovery,site-b,True,authorized_and_claimed,11461600,239,61,
balanced_equal_shares,lets,239,recovery,site-c,True,authorized_and_claimed,10722100,240,60,
balanced_equal_shares,lets,240,recovery,site-a,True,authorized_and_claimed,12429700,241,59,
balanced_equal_shares,lets,241,recovery,site-b,True,authorized_and_claimed,10969000,242,58,
balanced_equal_shares,lets,242,recovery,site-c,True,authorized_and_claimed,10886500,243,57,
balanced_equal_shares,lets,243,recovery,site-a,True,authorized_and_claimed,10345300,244,56,
balanced_equal_shares,lets,244,recovery,site-b,True,authorized_and_claimed,10415800,245,55,
balanced_equal_shares,lets,245,recovery,site-c,True,authorized_and_claimed,10503600,246,54,
balanced_equal_shares,lets,246,recovery,site-a,True,authorized_and_claimed,10440700,247,53,
balanced_equal_shares,lets,247,recovery,site-b,True,authorized_and_claimed,10543900,248,52,
balanced_equal_shares,lets,248,recovery,site-c,True,authorized_and_claimed,11296300,249,51,
balanced_equal_shares,lets,249,recovery,site-a,True,authorized_and_claimed,11596500,250,50,
balanced_equal_shares,lets,250,recovery,site-b,True,authorized_and_claimed,11093800,251,49,
balanced_equal_shares,lets,251,recovery,site-c,True,authorized_and_claimed,10816400,252,48,
balanced_equal_shares,lets,252,recovery,site-a,True,authorized_and_claimed,10231200,253,47,
balanced_equal_shares,lets,253,recovery,site-b,True,authorized_and_claimed,10189900,254,46,
balanced_equal_shares,lets,254,recovery,site-c,True,authorized_and_claimed,10519400,255,45,
balanced_equal_shares,lets,255,recovery,site-a,True,authorized_and_claimed,10771700,256,44,
balanced_equal_shares,lets,256,recovery,site-b,True,authorized_and_claimed,11393100,257,43,
balanced_equal_shares,lets,257,recovery,site-c,True,authorized_and_claimed,11978500,258,42,
balanced_equal_shares,lets,258,recovery,site-a,True,authorized_and_claimed,10427000,259,41,
balanced_equal_shares,lets,259,recovery,site-b,True,authorized_and_claimed,10466900,260,40,
balanced_equal_shares,lets,260,recovery,site-c,True,authorized_and_claimed,10452000,261,39,
balanced_equal_shares,lets,261,recovery,site-a,True,authorized_and_claimed,10545900,262,38,
balanced_equal_shares,lets,262,recovery,site-b,True,authorized_and_claimed,11173600,263,37,
balanced_equal_shares,lets,263,recovery,site-c,True,authorized_and_claimed,11039200,264,36,
balanced_equal_shares,lets,264,recovery,site-a,True,authorized_and_claimed,10649000,265,35,
balanced_equal_shares,lets,265,recovery,site-b,True,authorized_and_claimed,11889200,266,34,
balanced_equal_shares,lets,266,recovery,site-c,True,authorized_and_claimed,11293400,267,33,
balanced_equal_shares,lets,267,recovery,site-a,True,authorized_and_claimed,10449300,268,32,
balanced_equal_shares,lets,268,recovery,site-b,True,authorized_and_claimed,10581100,269,31,
balanced_equal_shares,lets,269,recovery,site-c,True,authorized_and_claimed,10800400,270,30,
balanced_equal_shares,lets,270,recovery,site-a,True,authorized_and_claimed,10235000,271,29,
balanced_equal_shares,lets,271,recovery,site-b,True,authorized_and_claimed,10576500,272,28,
balanced_equal_shares,lets,272,recovery,site-c,True,authorized_and_claimed,10382500,273,27,
balanced_equal_shares,lets,273,recovery,site-a,True,authorized_and_claimed,10874600,274,26,
balanced_equal_shares,lets,274,recovery,site-b,True,authorized_and_claimed,25790400,275,25,
balanced_equal_shares,lets,275,recovery,site-c,True,authorized_and_claimed,10814800,276,24,
balanced_equal_shares,lets,276,recovery,site-a,True,authorized_and_claimed,10602800,277,23,
balanced_equal_shares,lets,277,recovery,site-b,True,authorized_and_claimed,10561500,278,22,
balanced_equal_shares,lets,278,recovery,site-c,True,authorized_and_claimed,10680400,279,21,
balanced_equal_shares,lets,279,recovery,site-a,True,authorized_and_claimed,10502700,280,20,
balanced_equal_shares,lets,280,recovery,site-b,True,authorized_and_claimed,10744600,281,19,
balanced_equal_shares,lets,281,recovery,site-c,True,authorized_and_claimed,10587800,282,18,
balanced_equal_shares,lets,282,recovery,site-a,True,authorized_and_claimed,11571400,283,17,
balanced_equal_shares,lets,283,recovery,site-b,True,authorized_and_claimed,10762600,284,16,
balanced_equal_shares,lets,284,recovery,site-c,True,authorized_and_claimed,10562600,285,15,
balanced_equal_shares,lets,285,recovery,site-a,True,authorized_and_claimed,11012500,286,14,
balanced_equal_shares,lets,286,recovery,site-b,True,authorized_and_claimed,10941800,287,13,
balanced_equal_shares,lets,287,recovery,site-c,True,authorized_and_claimed,11285900,288,12,
balanced_equal_shares,lets,288,recovery,site-a,True,authorized_and_claimed,10757500,289,11,
balanced_equal_shares,lets,289,recovery,site-b,True,authorized_and_claimed,10761200,290,10,
balanced_equal_shares,lets,290,recovery,site-c,True,authorized_and_claimed,11779200,291,9,
balanced_equal_shares,lets,291,recovery,site-a,True,authorized_and_claimed,11463200,292,8,
balanced_equal_shares,lets,292,recovery,site-b,True,authorized_and_claimed,10571600,293,7,
balanced_equal_shares,lets,293,recovery,site-c,True,authorized_and_claimed,11727900,294,6,
balanced_equal_shares,lets,294,recovery,site-a,True,authorized_and_claimed,10811300,295,5,
balanced_equal_shares,lets,295,recovery,site-b,True,authorized_and_claimed,11237400,296,4,
balanced_equal_shares,lets,296,recovery,site-c,True,authorized_and_claimed,10563800,297,3,
balanced_equal_shares,lets,297,recovery,site-a,True,authorized_and_claimed,10727800,298,2,
balanced_equal_shares,lets,298,recovery,site-b,True,authorized_and_claimed,10694200,299,1,
balanced_equal_shares,lets,299,recovery,site-c,True,authorized_and_claimed,12586100,300,0,
balanced_equal_shares,centralized_counter,0,normal,site-a,True,authorized,610700,,,299
balanced_equal_shares,centralized_counter,1,normal,site-b,True,authorized,576200,,,298
balanced_equal_shares,centralized_counter,2,normal,site-c,True,authorized,599300,,,297
balanced_equal_shares,centralized_counter,3,normal,site-a,True,authorized,556000,,,296
balanced_equal_shares,centralized_counter,4,normal,site-b,True,authorized,567700,,,295
balanced_equal_shares,centralized_counter,5,normal,site-c,True,authorized,562900,,,294
balanced_equal_shares,centralized_counter,6,normal,site-a,True,authorized,559700,,,293
balanced_equal_shares,centralized_counter,7,normal,site-b,True,authorized,552900,,,292
balanced_equal_shares,centralized_counter,8,normal,site-c,True,authorized,567200,,,291
balanced_equal_shares,centralized_counter,9,normal,site-a,True,authorized,550300,,,290
balanced_equal_shares,centralized_counter,10,normal,site-b,True,authorized,555800,,,289
balanced_equal_shares,centralized_counter,11,normal,site-c,True,authorized,582200,,,288
balanced_equal_shares,centralized_counter,12,normal,site-a,True,authorized,543600,,,287
balanced_equal_shares,centralized_counter,13,normal,site-b,True,authorized,563600,,,286
balanced_equal_shares,centralized_counter,14,normal,site-c,True,authorized,516400,,,285
balanced_equal_shares,centralized_counter,15,normal,site-a,True,authorized,551100,,,284
balanced_equal_shares,centralized_counter,16,normal,site-b,True,authorized,582300,,,283
balanced_equal_shares,centralized_counter,17,normal,site-c,True,authorized,565700,,,282
balanced_equal_shares,centralized_counter,18,normal,site-a,True,authorized,596400,,,281
balanced_equal_shares,centralized_counter,19,normal,site-b,True,authorized,688200,,,280
balanced_equal_shares,centralized_counter,20,normal,site-c,True,authorized,594900,,,279
balanced_equal_shares,centralized_counter,21,normal,site-a,True,authorized,618100,,,278
balanced_equal_shares,centralized_counter,22,normal,site-b,True,authorized,590200,,,277
balanced_equal_shares,centralized_counter,23,normal,site-c,True,authorized,586200,,,276
balanced_equal_shares,centralized_counter,24,normal,site-a,True,authorized,554100,,,275
balanced_equal_shares,centralized_counter,25,normal,site-b,True,authorized,551100,,,274
balanced_equal_shares,centralized_counter,26,normal,site-c,True,authorized,566500,,,273
balanced_equal_shares,centralized_counter,27,normal,site-a,True,authorized,554100,,,272
balanced_equal_shares,centralized_counter,28,normal,site-b,True,authorized,552800,,,271
balanced_equal_shares,centralized_counter,29,normal,site-c,True,authorized,571500,,,270
balanced_equal_shares,centralized_counter,30,normal,site-a,True,authorized,573100,,,269
balanced_equal_shares,centralized_counter,31,normal,site-b,True,authorized,527200,,,268
balanced_equal_shares,centralized_counter,32,normal,site-c,True,authorized,585100,,,267
balanced_equal_shares,centralized_counter,33,normal,site-a,True,authorized,560100,,,266
balanced_equal_shares,centralized_counter,34,normal,site-b,True,authorized,555600,,,265
balanced_equal_shares,centralized_counter,35,normal,site-c,True,authorized,582200,,,264
balanced_equal_shares,centralized_counter,36,normal,site-a,True,authorized,566600,,,263
balanced_equal_shares,centralized_counter,37,normal,site-b,True,authorized,558800,,,262
balanced_equal_shares,centralized_counter,38,normal,site-c,True,authorized,553600,,,261
balanced_equal_shares,centralized_counter,39,normal,site-a,True,authorized,544600,,,260
balanced_equal_shares,centralized_counter,40,normal,site-b,True,authorized,634500,,,259
balanced_equal_shares,centralized_counter,41,normal,site-c,True,authorized,582200,,,258
balanced_equal_shares,centralized_counter,42,normal,site-a,True,authorized,792500,,,257
balanced_equal_shares,centralized_counter,43,normal,site-b,True,authorized,551100,,,256
balanced_equal_shares,centralized_counter,44,normal,site-c,True,authorized,540400,,,255
balanced_equal_shares,centralized_counter,45,normal,site-a,True,authorized,575200,,,254
balanced_equal_shares,centralized_counter,46,normal,site-b,True,authorized,549400,,,253
balanced_equal_shares,centralized_counter,47,normal,site-c,True,authorized,558300,,,252
balanced_equal_shares,centralized_counter,48,normal,site-a,True,authorized,559600,,,251
balanced_equal_shares,centralized_counter,49,normal,site-b,True,authorized,561500,,,250
balanced_equal_shares,centralized_counter,50,normal,site-c,True,authorized,560500,,,249
balanced_equal_shares,centralized_counter,51,normal,site-a,True,authorized,564300,,,248
balanced_equal_shares,centralized_counter,52,normal,site-b,True,authorized,559400,,,247
balanced_equal_shares,centralized_counter,53,normal,site-c,True,authorized,559000,,,246
balanced_equal_shares,centralized_counter,54,normal,site-a,True,authorized,562500,,,245
balanced_equal_shares,centralized_counter,55,normal,site-b,True,authorized,591500,,,244
balanced_equal_shares,centralized_counter,56,normal,site-c,True,authorized,562700,,,243
balanced_equal_shares,centralized_counter,57,normal,site-a,True,authorized,561700,,,242
balanced_equal_shares,centralized_counter,58,normal,site-b,True,authorized,552800,,,241
balanced_equal_shares,centralized_counter,59,normal,site-c,True,authorized,553200,,,240
balanced_equal_shares,centralized_counter,60,partition,site-a,False,central_unreachable,0,,,240
balanced_equal_shares,centralized_counter,61,partition,site-b,True,authorized,556000,,,239
balanced_equal_shares,centralized_counter,62,partition,site-c,True,authorized,585400,,,238
balanced_equal_shares,centralized_counter,63,partition,site-a,False,central_unreachable,0,,,238
balanced_equal_shares,centralized_counter,64,partition,site-b,True,authorized,584600,,,237
balanced_equal_shares,centralized_counter,65,partition,site-c,True,authorized,608000,,,236
balanced_equal_shares,centralized_counter,66,partition,site-a,False,central_unreachable,0,,,236
balanced_equal_shares,centralized_counter,67,partition,site-b,True,authorized,582600,,,235
balanced_equal_shares,centralized_counter,68,partition,site-c,True,authorized,601200,,,234
balanced_equal_shares,centralized_counter,69,partition,site-a,False,central_unreachable,0,,,234
balanced_equal_shares,centralized_counter,70,partition,site-b,True,authorized,574400,,,233
balanced_equal_shares,centralized_counter,71,partition,site-c,True,authorized,570400,,,232
balanced_equal_shares,centralized_counter,72,partition,site-a,False,central_unreachable,0,,,232
balanced_equal_shares,centralized_counter,73,partition,site-b,True,authorized,579700,,,231
balanced_equal_shares,centralized_counter,74,partition,site-c,True,authorized,557200,,,230
balanced_equal_shares,centralized_counter,75,partition,site-a,False,central_unreachable,0,,,230
balanced_equal_shares,centralized_counter,76,partition,site-b,True,authorized,552900,,,229
balanced_equal_shares,centralized_counter,77,partition,site-c,True,authorized,558000,,,228
balanced_equal_shares,centralized_counter,78,partition,site-a,False,central_unreachable,0,,,228
balanced_equal_shares,centralized_counter,79,partition,site-b,True,authorized,556900,,,227
balanced_equal_shares,centralized_counter,80,partition,site-c,True,authorized,560600,,,226
balanced_equal_shares,centralized_counter,81,partition,site-a,False,central_unreachable,0,,,226
balanced_equal_shares,centralized_counter,82,partition,site-b,True,authorized,555800,,,225
balanced_equal_shares,centralized_counter,83,partition,site-c,True,authorized,560100,,,224
balanced_equal_shares,centralized_counter,84,partition,site-a,False,central_unreachable,0,,,224
balanced_equal_shares,centralized_counter,85,partition,site-b,True,authorized,564000,,,223
balanced_equal_shares,centralized_counter,86,partition,site-c,True,authorized,870700,,,222
balanced_equal_shares,centralized_counter,87,partition,site-a,False,central_unreachable,0,,,222
balanced_equal_shares,centralized_counter,88,partition,site-b,True,authorized,864800,,,221
balanced_equal_shares,centralized_counter,89,partition,site-c,True,authorized,870200,,,220
balanced_equal_shares,centralized_counter,90,partition,site-a,False,central_unreachable,0,,,220
balanced_equal_shares,centralized_counter,91,partition,site-b,True,authorized,859300,,,219
balanced_equal_shares,centralized_counter,92,partition,site-c,True,authorized,954300,,,218
balanced_equal_shares,centralized_counter,93,partition,site-a,False,central_unreachable,0,,,218
balanced_equal_shares,centralized_counter,94,partition,site-b,True,authorized,903400,,,217
balanced_equal_shares,centralized_counter,95,partition,site-c,True,authorized,896300,,,216
balanced_equal_shares,centralized_counter,96,partition,site-a,False,central_unreachable,0,,,216
balanced_equal_shares,centralized_counter,97,partition,site-b,True,authorized,923600,,,215
balanced_equal_shares,centralized_counter,98,partition,site-c,True,authorized,639200,,,214
balanced_equal_shares,centralized_counter,99,partition,site-a,False,central_unreachable,0,,,214
balanced_equal_shares,centralized_counter,100,partition,site-b,True,authorized,592300,,,213
balanced_equal_shares,centralized_counter,101,partition,site-c,True,authorized,580700,,,212
balanced_equal_shares,centralized_counter,102,partition,site-a,False,central_unreachable,0,,,212
balanced_equal_shares,centralized_counter,103,partition,site-b,True,authorized,557400,,,211
balanced_equal_shares,centralized_counter,104,partition,site-c,True,authorized,512700,,,210
balanced_equal_shares,centralized_counter,105,partition,site-a,False,central_unreachable,0,,,210
balanced_equal_shares,centralized_counter,106,partition,site-b,True,authorized,557000,,,209
balanced_equal_shares,centralized_counter,107,partition,site-c,True,authorized,543000,,,208
balanced_equal_shares,centralized_counter,108,partition,site-a,False,central_unreachable,0,,,208
balanced_equal_shares,centralized_counter,109,partition,site-b,True,authorized,752900,,,207
balanced_equal_shares,centralized_counter,110,partition,site-c,True,authorized,551800,,,206
balanced_equal_shares,centralized_counter,111,partition,site-a,False,central_unreachable,0,,,206
balanced_equal_shares,centralized_counter,112,partition,site-b,True,authorized,548200,,,205
balanced_equal_shares,centralized_counter,113,partition,site-c,True,authorized,570900,,,204
balanced_equal_shares,centralized_counter,114,partition,site-a,False,central_unreachable,0,,,204
balanced_equal_shares,centralized_counter,115,partition,site-b,True,authorized,573100,,,203
balanced_equal_shares,centralized_counter,116,partition,site-c,True,authorized,594900,,,202
balanced_equal_shares,centralized_counter,117,partition,site-a,False,central_unreachable,0,,,202
balanced_equal_shares,centralized_counter,118,partition,site-b,True,authorized,565300,,,201
balanced_equal_shares,centralized_counter,119,partition,site-c,True,authorized,562800,,,200
balanced_equal_shares,centralized_counter,120,partition,site-a,False,central_unreachable,0,,,200
balanced_equal_shares,centralized_counter,121,partition,site-b,True,authorized,564200,,,199
balanced_equal_shares,centralized_counter,122,partition,site-c,True,authorized,556500,,,198
balanced_equal_shares,centralized_counter,123,partition,site-a,False,central_unreachable,0,,,198
balanced_equal_shares,centralized_counter,124,partition,site-b,True,authorized,601300,,,197
balanced_equal_shares,centralized_counter,125,partition,site-c,True,authorized,585900,,,196
balanced_equal_shares,centralized_counter,126,partition,site-a,False,central_unreachable,0,,,196
balanced_equal_shares,centralized_counter,127,partition,site-b,True,authorized,585600,,,195
balanced_equal_shares,centralized_counter,128,partition,site-c,True,authorized,592200,,,194
balanced_equal_shares,centralized_counter,129,partition,site-a,False,central_unreachable,0,,,194
balanced_equal_shares,centralized_counter,130,partition,site-b,True,authorized,605700,,,193
balanced_equal_shares,centralized_counter,131,partition,site-c,True,authorized,566800,,,192
balanced_equal_shares,centralized_counter,132,partition,site-a,False,central_unreachable,0,,,192
balanced_equal_shares,centralized_counter,133,partition,site-b,True,authorized,557000,,,191
balanced_equal_shares,centralized_counter,134,partition,site-c,True,authorized,557400,,,190
balanced_equal_shares,centralized_counter,135,partition,site-a,False,central_unreachable,0,,,190
balanced_equal_shares,centralized_counter,136,partition,site-b,True,authorized,577200,,,189
balanced_equal_shares,centralized_counter,137,partition,site-c,True,authorized,619100,,,188
balanced_equal_shares,centralized_counter,138,partition,site-a,False,central_unreachable,0,,,188
balanced_equal_shares,centralized_counter,139,partition,site-b,True,authorized,575200,,,187
balanced_equal_shares,centralized_counter,140,partition,site-c,True,authorized,552700,,,186
balanced_equal_shares,centralized_counter,141,partition,site-a,False,central_unreachable,0,,,186
balanced_equal_shares,centralized_counter,142,partition,site-b,True,authorized,543300,,,185
balanced_equal_shares,centralized_counter,143,partition,site-c,True,authorized,562600,,,184
balanced_equal_shares,centralized_counter,144,partition,site-a,False,central_unreachable,0,,,184
balanced_equal_shares,centralized_counter,145,partition,site-b,True,authorized,569900,,,183
balanced_equal_shares,centralized_counter,146,partition,site-c,True,authorized,567400,,,182
balanced_equal_shares,centralized_counter,147,partition,site-a,False,central_unreachable,0,,,182
balanced_equal_shares,centralized_counter,148,partition,site-b,True,authorized,556900,,,181
balanced_equal_shares,centralized_counter,149,partition,site-c,True,authorized,544900,,,180
balanced_equal_shares,centralized_counter,150,partition,site-a,False,central_unreachable,0,,,180
balanced_equal_shares,centralized_counter,151,partition,site-b,True,authorized,578800,,,179
balanced_equal_shares,centralized_counter,152,partition,site-c,True,authorized,553400,,,178
balanced_equal_shares,centralized_counter,153,partition,site-a,False,central_unreachable,0,,,178
balanced_equal_shares,centralized_counter,154,partition,site-b,True,authorized,555400,,,177
balanced_equal_shares,centralized_counter,155,partition,site-c,True,authorized,616100,,,176
balanced_equal_shares,centralized_counter,156,partition,site-a,False,central_unreachable,0,,,176
balanced_equal_shares,centralized_counter,157,partition,site-b,True,authorized,584800,,,175
balanced_equal_shares,centralized_counter,158,partition,site-c,True,authorized,586500,,,174
balanced_equal_shares,centralized_counter,159,partition,site-a,False,central_unreachable,0,,,174
balanced_equal_shares,centralized_counter,160,partition,site-b,True,authorized,585000,,,173
balanced_equal_shares,centralized_counter,161,partition,site-c,True,authorized,587200,,,172
balanced_equal_shares,centralized_counter,162,partition,site-a,False,central_unreachable,0,,,172
balanced_equal_shares,centralized_counter,163,partition,site-b,True,authorized,570100,,,171
balanced_equal_shares,centralized_counter,164,partition,site-c,True,authorized,567500,,,170
balanced_equal_shares,centralized_counter,165,partition,site-a,False,central_unreachable,0,,,170
balanced_equal_shares,centralized_counter,166,partition,site-b,True,authorized,561400,,,169
balanced_equal_shares,centralized_counter,167,partition,site-c,True,authorized,563200,,,168
balanced_equal_shares,centralized_counter,168,partition,site-a,False,central_unreachable,0,,,168
balanced_equal_shares,centralized_counter,169,partition,site-b,True,authorized,595300,,,167
balanced_equal_shares,centralized_counter,170,partition,site-c,True,authorized,572100,,,166
balanced_equal_shares,centralized_counter,171,partition,site-a,False,central_unreachable,0,,,166
balanced_equal_shares,centralized_counter,172,partition,site-b,True,authorized,560900,,,165
balanced_equal_shares,centralized_counter,173,partition,site-c,True,authorized,565100,,,164
balanced_equal_shares,centralized_counter,174,partition,site-a,False,central_unreachable,0,,,164
balanced_equal_shares,centralized_counter,175,partition,site-b,True,authorized,556900,,,163
balanced_equal_shares,centralized_counter,176,partition,site-c,True,authorized,565100,,,162
balanced_equal_shares,centralized_counter,177,partition,site-a,False,central_unreachable,0,,,162
balanced_equal_shares,centralized_counter,178,partition,site-b,True,authorized,558700,,,161
balanced_equal_shares,centralized_counter,179,partition,site-c,True,authorized,548000,,,160
balanced_equal_shares,centralized_counter,180,partition,site-a,False,central_unreachable,0,,,160
balanced_equal_shares,centralized_counter,181,partition,site-b,True,authorized,547500,,,159
balanced_equal_shares,centralized_counter,182,partition,site-c,True,authorized,558400,,,158
balanced_equal_shares,centralized_counter,183,partition,site-a,False,central_unreachable,0,,,158
balanced_equal_shares,centralized_counter,184,partition,site-b,True,authorized,546800,,,157
balanced_equal_shares,centralized_counter,185,partition,site-c,True,authorized,611100,,,156
balanced_equal_shares,centralized_counter,186,partition,site-a,False,central_unreachable,0,,,156
balanced_equal_shares,centralized_counter,187,partition,site-b,True,authorized,617900,,,155
balanced_equal_shares,centralized_counter,188,partition,site-c,True,authorized,608900,,,154
balanced_equal_shares,centralized_counter,189,partition,site-a,False,central_unreachable,0,,,154
balanced_equal_shares,centralized_counter,190,partition,site-b,True,authorized,582300,,,153
balanced_equal_shares,centralized_counter,191,partition,site-c,True,authorized,581800,,,152
balanced_equal_shares,centralized_counter,192,partition,site-a,False,central_unreachable,0,,,152
balanced_equal_shares,centralized_counter,193,partition,site-b,True,authorized,546800,,,151
balanced_equal_shares,centralized_counter,194,partition,site-c,True,authorized,544400,,,150
balanced_equal_shares,centralized_counter,195,partition,site-a,False,central_unreachable,0,,,150
balanced_equal_shares,centralized_counter,196,partition,site-b,True,authorized,543700,,,149
balanced_equal_shares,centralized_counter,197,partition,site-c,True,authorized,554700,,,148
balanced_equal_shares,centralized_counter,198,partition,site-a,False,central_unreachable,0,,,148
balanced_equal_shares,centralized_counter,199,partition,site-b,True,authorized,552500,,,147
balanced_equal_shares,centralized_counter,200,partition,site-c,True,authorized,574200,,,146
balanced_equal_shares,centralized_counter,201,partition,site-a,False,central_unreachable,0,,,146
balanced_equal_shares,centralized_counter,202,partition,site-b,True,authorized,549400,,,145
balanced_equal_shares,centralized_counter,203,partition,site-c,True,authorized,741500,,,144
balanced_equal_shares,centralized_counter,204,partition,site-a,False,central_unreachable,0,,,144
balanced_equal_shares,centralized_counter,205,partition,site-b,True,authorized,592000,,,143
balanced_equal_shares,centralized_counter,206,partition,site-c,True,authorized,562500,,,142
balanced_equal_shares,centralized_counter,207,partition,site-a,False,central_unreachable,0,,,142
balanced_equal_shares,centralized_counter,208,partition,site-b,True,authorized,560700,,,141
balanced_equal_shares,centralized_counter,209,partition,site-c,True,authorized,566800,,,140
balanced_equal_shares,centralized_counter,210,recovery,site-a,True,authorized,554300,,,139
balanced_equal_shares,centralized_counter,211,recovery,site-b,True,authorized,548900,,,138
balanced_equal_shares,centralized_counter,212,recovery,site-c,True,authorized,556700,,,137
balanced_equal_shares,centralized_counter,213,recovery,site-a,True,authorized,561000,,,136
balanced_equal_shares,centralized_counter,214,recovery,site-b,True,authorized,621300,,,135
balanced_equal_shares,centralized_counter,215,recovery,site-c,True,authorized,587800,,,134
balanced_equal_shares,centralized_counter,216,recovery,site-a,True,authorized,583800,,,133
balanced_equal_shares,centralized_counter,217,recovery,site-b,True,authorized,659900,,,132
balanced_equal_shares,centralized_counter,218,recovery,site-c,True,authorized,583100,,,131
balanced_equal_shares,centralized_counter,219,recovery,site-a,True,authorized,569300,,,130
balanced_equal_shares,centralized_counter,220,recovery,site-b,True,authorized,570700,,,129
balanced_equal_shares,centralized_counter,221,recovery,site-c,True,authorized,869400,,,128
balanced_equal_shares,centralized_counter,222,recovery,site-a,True,authorized,854500,,,127
balanced_equal_shares,centralized_counter,223,recovery,site-b,True,authorized,878700,,,126
balanced_equal_shares,centralized_counter,224,recovery,site-c,True,authorized,876300,,,125
balanced_equal_shares,centralized_counter,225,recovery,site-a,True,authorized,885500,,,124
balanced_equal_shares,centralized_counter,226,recovery,site-b,True,authorized,872100,,,123
balanced_equal_shares,centralized_counter,227,recovery,site-c,True,authorized,867700,,,122
balanced_equal_shares,centralized_counter,228,recovery,site-a,True,authorized,905800,,,121
balanced_equal_shares,centralized_counter,229,recovery,site-b,True,authorized,551900,,,120
balanced_equal_shares,centralized_counter,230,recovery,site-c,True,authorized,550500,,,119
balanced_equal_shares,centralized_counter,231,recovery,site-a,True,authorized,537600,,,118
balanced_equal_shares,centralized_counter,232,recovery,site-b,True,authorized,570800,,,117
balanced_equal_shares,centralized_counter,233,recovery,site-c,True,authorized,557900,,,116
balanced_equal_shares,centralized_counter,234,recovery,site-a,True,authorized,632200,,,115
balanced_equal_shares,centralized_counter,235,recovery,site-b,True,authorized,586900,,,114
balanced_equal_shares,centralized_counter,236,recovery,site-c,True,authorized,590800,,,113
balanced_equal_shares,centralized_counter,237,recovery,site-a,True,authorized,632800,,,112
balanced_equal_shares,centralized_counter,238,recovery,site-b,True,authorized,542800,,,111
balanced_equal_shares,centralized_counter,239,recovery,site-c,True,authorized,577900,,,110
balanced_equal_shares,centralized_counter,240,recovery,site-a,True,authorized,550800,,,109
balanced_equal_shares,centralized_counter,241,recovery,site-b,True,authorized,562800,,,108
balanced_equal_shares,centralized_counter,242,recovery,site-c,True,authorized,585800,,,107
balanced_equal_shares,centralized_counter,243,recovery,site-a,True,authorized,548600,,,106
balanced_equal_shares,centralized_counter,244,recovery,site-b,True,authorized,562200,,,105
balanced_equal_shares,centralized_counter,245,recovery,site-c,True,authorized,547500,,,104
balanced_equal_shares,centralized_counter,246,recovery,site-a,True,authorized,541800,,,103
balanced_equal_shares,centralized_counter,247,recovery,site-b,True,authorized,560300,,,102
balanced_equal_shares,centralized_counter,248,recovery,site-c,True,authorized,555100,,,101
balanced_equal_shares,centralized_counter,249,recovery,site-a,True,authorized,560100,,,100
balanced_equal_shares,centralized_counter,250,recovery,site-b,True,authorized,552400,,,99
balanced_equal_shares,centralized_counter,251,recovery,site-c,True,authorized,545700,,,98
balanced_equal_shares,centralized_counter,252,recovery,site-a,True,authorized,606200,,,97
balanced_equal_shares,centralized_counter,253,recovery,site-b,True,authorized,549900,,,96
balanced_equal_shares,centralized_counter,254,recovery,site-c,True,authorized,553800,,,95
balanced_equal_shares,centralized_counter,255,recovery,site-a,True,authorized,545000,,,94
balanced_equal_shares,centralized_counter,256,recovery,site-b,True,authorized,543200,,,93
balanced_equal_shares,centralized_counter,257,recovery,site-c,True,authorized,556000,,,92
balanced_equal_shares,centralized_counter,258,recovery,site-a,True,authorized,558000,,,91
balanced_equal_shares,centralized_counter,259,recovery,site-b,True,authorized,538900,,,90
balanced_equal_shares,centralized_counter,260,recovery,site-c,True,authorized,609900,,,89
balanced_equal_shares,centralized_counter,261,recovery,site-a,True,authorized,561900,,,88
balanced_equal_shares,centralized_counter,262,recovery,site-b,True,authorized,538900,,,87
balanced_equal_shares,centralized_counter,263,recovery,site-c,True,authorized,548500,,,86
balanced_equal_shares,centralized_counter,264,recovery,site-a,True,authorized,544700,,,85
balanced_equal_shares,centralized_counter,265,recovery,site-b,True,authorized,568200,,,84
balanced_equal_shares,centralized_counter,266,recovery,site-c,True,authorized,555900,,,83
balanced_equal_shares,centralized_counter,267,recovery,site-a,True,authorized,562600,,,82
balanced_equal_shares,centralized_counter,268,recovery,site-b,True,authorized,559800,,,81
balanced_equal_shares,centralized_counter,269,recovery,site-c,True,authorized,552900,,,80
balanced_equal_shares,centralized_counter,270,recovery,site-a,True,authorized,551100,,,79
balanced_equal_shares,centralized_counter,271,recovery,site-b,True,authorized,549800,,,78
balanced_equal_shares,centralized_counter,272,recovery,site-c,True,authorized,548200,,,77
balanced_equal_shares,centralized_counter,273,recovery,site-a,True,authorized,587200,,,76
balanced_equal_shares,centralized_counter,274,recovery,site-b,True,authorized,767700,,,75
balanced_equal_shares,centralized_counter,275,recovery,site-c,True,authorized,554000,,,74
balanced_equal_shares,centralized_counter,276,recovery,site-a,True,authorized,548300,,,73
balanced_equal_shares,centralized_counter,277,recovery,site-b,True,authorized,556100,,,72
balanced_equal_shares,centralized_counter,278,recovery,site-c,True,authorized,573400,,,71
balanced_equal_shares,centralized_counter,279,recovery,site-a,True,authorized,548300,,,70
balanced_equal_shares,centralized_counter,280,recovery,site-b,True,authorized,554600,,,69
balanced_equal_shares,centralized_counter,281,recovery,site-c,True,authorized,551100,,,68
balanced_equal_shares,centralized_counter,282,recovery,site-a,True,authorized,558800,,,67
balanced_equal_shares,centralized_counter,283,recovery,site-b,True,authorized,565200,,,66
balanced_equal_shares,centralized_counter,284,recovery,site-c,True,authorized,568500,,,65
balanced_equal_shares,centralized_counter,285,recovery,site-a,True,authorized,551300,,,64
balanced_equal_shares,centralized_counter,286,recovery,site-b,True,authorized,581200,,,63
balanced_equal_shares,centralized_counter,287,recovery,site-c,True,authorized,548900,,,62
balanced_equal_shares,centralized_counter,288,recovery,site-a,True,authorized,595100,,,61
balanced_equal_shares,centralized_counter,289,recovery,site-b,True,authorized,566100,,,60
balanced_equal_shares,centralized_counter,290,recovery,site-c,True,authorized,547400,,,59
balanced_equal_shares,centralized_counter,291,recovery,site-a,True,authorized,560500,,,58
balanced_equal_shares,centralized_counter,292,recovery,site-b,True,authorized,551200,,,57
balanced_equal_shares,centralized_counter,293,recovery,site-c,True,authorized,637400,,,56
balanced_equal_shares,centralized_counter,294,recovery,site-a,True,authorized,541600,,,55
balanced_equal_shares,centralized_counter,295,recovery,site-b,True,authorized,547600,,,54
balanced_equal_shares,centralized_counter,296,recovery,site-c,True,authorized,567200,,,53
balanced_equal_shares,centralized_counter,297,recovery,site-a,True,authorized,554400,,,52
balanced_equal_shares,centralized_counter,298,recovery,site-b,True,authorized,529400,,,51
balanced_equal_shares,centralized_counter,299,recovery,site-c,True,authorized,609400,,,50
skew_equal_shares,lets,0,normal,site-a,True,authorized_and_claimed,12263900,1,299,
skew_equal_shares,lets,1,normal,site-a,True,authorized_and_claimed,10136800,2,298,
skew_equal_shares,lets,2,normal,site-b,True,authorized_and_claimed,9385600,3,297,
skew_equal_shares,lets,3,normal,site-a,True,authorized_and_claimed,9956800,4,296,
skew_equal_shares,lets,4,normal,site-c,True,authorized_and_claimed,10115400,5,295,
skew_equal_shares,lets,5,normal,site-a,True,authorized_and_claimed,9789100,6,294,
skew_equal_shares,lets,6,normal,site-a,True,authorized_and_claimed,10085400,7,293,
skew_equal_shares,lets,7,normal,site-a,True,authorized_and_claimed,10411000,8,292,
skew_equal_shares,lets,8,normal,site-b,True,authorized_and_claimed,10807200,9,291,
skew_equal_shares,lets,9,normal,site-a,True,authorized_and_claimed,11835600,10,290,
skew_equal_shares,lets,10,normal,site-a,True,authorized_and_claimed,10340100,11,289,
skew_equal_shares,lets,11,normal,site-c,True,authorized_and_claimed,9948800,12,288,
skew_equal_shares,lets,12,normal,site-a,True,authorized_and_claimed,9974400,13,287,
skew_equal_shares,lets,13,normal,site-a,True,authorized_and_claimed,10741300,14,286,
skew_equal_shares,lets,14,normal,site-a,True,authorized_and_claimed,10176500,15,285,
skew_equal_shares,lets,15,normal,site-b,True,authorized_and_claimed,9850300,16,284,
skew_equal_shares,lets,16,normal,site-a,True,authorized_and_claimed,9910900,17,283,
skew_equal_shares,lets,17,normal,site-c,True,authorized_and_claimed,30754200,18,282,
skew_equal_shares,lets,18,normal,site-a,True,authorized_and_claimed,9850600,19,281,
skew_equal_shares,lets,19,normal,site-a,True,authorized_and_claimed,10315900,20,280,
skew_equal_shares,lets,20,normal,site-a,True,authorized_and_claimed,10265300,21,279,
skew_equal_shares,lets,21,normal,site-a,True,authorized_and_claimed,10259600,22,278,
skew_equal_shares,lets,22,normal,site-b,True,authorized_and_claimed,9983900,23,277,
skew_equal_shares,lets,23,normal,site-a,True,authorized_and_claimed,9874500,24,276,
skew_equal_shares,lets,24,normal,site-c,True,authorized_and_claimed,10526900,25,275,
skew_equal_shares,lets,25,normal,site-a,True,authorized_and_claimed,9920600,26,274,
skew_equal_shares,lets,26,normal,site-a,True,authorized_and_claimed,12080400,27,273,
skew_equal_shares,lets,27,normal,site-a,True,authorized_and_claimed,10188300,28,272,
skew_equal_shares,lets,28,normal,site-b,True,authorized_and_claimed,9947000,29,271,
skew_equal_shares,lets,29,normal,site-a,True,authorized_and_claimed,9977800,30,270,
skew_equal_shares,lets,30,normal,site-a,True,authorized_and_claimed,10196400,31,269,
skew_equal_shares,lets,31,normal,site-c,True,authorized_and_claimed,9914300,32,268,
skew_equal_shares,lets,32,normal,site-a,True,authorized_and_claimed,9952200,33,267,
skew_equal_shares,lets,33,normal,site-a,True,authorized_and_claimed,10887600,34,266,
skew_equal_shares,lets,34,normal,site-a,True,authorized_and_claimed,10807500,35,265,
skew_equal_shares,lets,35,normal,site-b,True,authorized_and_claimed,11304000,36,264,
skew_equal_shares,lets,36,normal,site-a,True,authorized_and_claimed,10047200,37,263,
skew_equal_shares,lets,37,normal,site-c,True,authorized_and_claimed,10035600,38,262,
skew_equal_shares,lets,38,normal,site-a,True,authorized_and_claimed,10257100,39,261,
skew_equal_shares,lets,39,normal,site-a,True,authorized_and_claimed,10405800,40,260,
skew_equal_shares,lets,40,normal,site-a,True,authorized_and_claimed,9995200,41,259,
skew_equal_shares,lets,41,normal,site-a,True,authorized_and_claimed,10647400,42,258,
skew_equal_shares,lets,42,normal,site-b,True,authorized_and_claimed,11097900,43,257,
skew_equal_shares,lets,43,normal,site-a,True,authorized_and_claimed,10670000,44,256,
skew_equal_shares,lets,44,normal,site-c,True,authorized_and_claimed,11150700,45,255,
skew_equal_shares,lets,45,normal,site-a,True,authorized_and_claimed,10240800,46,254,
skew_equal_shares,lets,46,normal,site-a,True,authorized_and_claimed,11066000,47,253,
skew_equal_shares,lets,47,normal,site-a,True,authorized_and_claimed,10548400,48,252,
skew_equal_shares,lets,48,normal,site-b,True,authorized_and_claimed,10095900,49,251,
skew_equal_shares,lets,49,normal,site-a,True,authorized_and_claimed,10244500,50,250,
skew_equal_shares,lets,50,normal,site-a,True,authorized_and_claimed,10281300,51,249,
skew_equal_shares,lets,51,normal,site-c,True,authorized_and_claimed,10057700,52,248,
skew_equal_shares,lets,52,normal,site-a,True,authorized_and_claimed,11746400,53,247,
skew_equal_shares,lets,53,normal,site-a,True,authorized_and_claimed,11507600,54,246,
skew_equal_shares,lets,54,normal,site-a,True,authorized_and_claimed,10761800,55,245,
skew_equal_shares,lets,55,normal,site-b,True,authorized_and_claimed,10195900,56,244,
skew_equal_shares,lets,56,normal,site-a,True,authorized_and_claimed,10573500,57,243,
skew_equal_shares,lets,57,normal,site-c,True,authorized_and_claimed,10773200,58,242,
skew_equal_shares,lets,58,normal,site-a,True,authorized_and_claimed,10257300,59,241,
skew_equal_shares,lets,59,normal,site-a,True,authorized_and_claimed,10435900,60,240,
skew_equal_shares,lets,60,partition,site-a,True,authorized_and_claimed,11054700,61,239,
skew_equal_shares,lets,61,partition,site-a,True,authorized_and_claimed,12022800,62,238,
skew_equal_shares,lets,62,partition,site-b,True,authorized_and_claimed,9974400,63,237,
skew_equal_shares,lets,63,partition,site-a,True,authorized_and_claimed,10296700,64,236,
skew_equal_shares,lets,64,partition,site-c,True,authorized_and_claimed,9960500,65,235,
skew_equal_shares,lets,65,partition,site-a,True,authorized_and_claimed,10397000,66,234,
skew_equal_shares,lets,66,partition,site-a,True,authorized_and_claimed,10503600,67,233,
skew_equal_shares,lets,67,partition,site-a,True,authorized_and_claimed,10671700,68,232,
skew_equal_shares,lets,68,partition,site-b,True,authorized_and_claimed,11070300,69,231,
skew_equal_shares,lets,69,partition,site-a,True,authorized_and_claimed,10427300,70,230,
skew_equal_shares,lets,70,partition,site-a,True,authorized_and_claimed,12304200,71,229,
skew_equal_shares,lets,71,partition,site-c,True,authorized_and_claimed,10066800,72,228,
skew_equal_shares,lets,72,partition,site-a,True,authorized_and_claimed,10119700,73,227,
skew_equal_shares,lets,73,partition,site-a,True,authorized_and_claimed,10616800,74,226,
skew_equal_shares,lets,74,partition,site-a,True,authorized_and_claimed,10270600,75,225,
skew_equal_shares,lets,75,partition,site-b,True,authorized_and_claimed,10347200,76,224,
skew_equal_shares,lets,76,partition,site-a,True,authorized_and_claimed,10328400,77,223,
skew_equal_shares,lets,77,partition,site-c,True,authorized_and_claimed,10017100,78,222,
skew_equal_shares,lets,78,partition,site-a,True,authorized_and_claimed,10373100,79,221,
skew_equal_shares,lets,79,partition,site-a,True,authorized_and_claimed,12236500,80,220,
skew_equal_shares,lets,80,partition,site-a,True,authorized_and_claimed,10396100,81,219,
skew_equal_shares,lets,81,partition,site-a,True,authorized_and_claimed,10244900,82,218,
skew_equal_shares,lets,82,partition,site-b,True,authorized_and_claimed,10214400,83,217,
skew_equal_shares,lets,83,partition,site-a,True,authorized_and_claimed,10162200,84,216,
skew_equal_shares,lets,84,partition,site-c,True,authorized_and_claimed,10443400,85,215,
skew_equal_shares,lets,85,partition,site-a,True,authorized_and_claimed,11499900,86,214,
skew_equal_shares,lets,86,partition,site-a,True,authorized_and_claimed,10604800,87,213,
skew_equal_shares,lets,87,partition,site-a,True,authorized_and_claimed,12055300,88,212,
skew_equal_shares,lets,88,partition,site-b,True,authorized_and_claimed,11198400,89,211,
skew_equal_shares,lets,89,partition,site-a,True,authorized_and_claimed,10374500,90,210,
skew_equal_shares,lets,90,partition,site-a,True,authorized_and_claimed,10764900,91,209,
skew_equal_shares,lets,91,partition,site-c,True,authorized_and_claimed,10496300,92,208,
skew_equal_shares,lets,92,partition,site-a,True,authorized_and_claimed,10859100,93,207,
skew_equal_shares,lets,93,partition,site-a,True,authorized_and_claimed,10652500,94,206,
skew_equal_shares,lets,94,partition,site-a,True,authorized_and_claimed,11222400,95,205,
skew_equal_shares,lets,95,partition,site-b,True,authorized_and_claimed,10000100,96,204,
skew_equal_shares,lets,96,partition,site-a,True,authorized_and_claimed,12144800,97,203,
skew_equal_shares,lets,97,partition,site-c,True,authorized_and_claimed,11056600,98,202,
skew_equal_shares,lets,98,partition,site-a,True,authorized_and_claimed,10697000,99,201,
skew_equal_shares,lets,99,partition,site-a,True,authorized_and_claimed,11188200,100,200,
skew_equal_shares,lets,100,partition,site-a,True,authorized_and_claimed,11170200,101,199,
skew_equal_shares,lets,101,partition,site-a,True,authorized_and_claimed,11841500,102,198,
skew_equal_shares,lets,102,partition,site-b,True,authorized_and_claimed,10780500,103,197,
skew_equal_shares,lets,103,partition,site-a,True,authorized_and_claimed,11760300,104,196,
skew_equal_shares,lets,104,partition,site-c,True,authorized_and_claimed,10506900,105,195,
skew_equal_shares,lets,105,partition,site-a,True,authorized_and_claimed,12046400,106,194,
skew_equal_shares,lets,106,partition,site-a,True,authorized_and_claimed,12080000,107,193,
skew_equal_shares,lets,107,partition,site-a,True,authorized_and_claimed,10992900,108,192,
skew_equal_shares,lets,108,partition,site-b,True,authorized_and_claimed,10721700,109,191,
skew_equal_shares,lets,109,partition,site-a,True,authorized_and_claimed,10661200,110,190,
skew_equal_shares,lets,110,partition,site-a,True,authorized_and_claimed,10684200,111,189,
skew_equal_shares,lets,111,partition,site-c,True,authorized_and_claimed,10290900,112,188,
skew_equal_shares,lets,112,partition,site-a,True,authorized_and_claimed,10572600,113,187,
skew_equal_shares,lets,113,partition,site-a,True,authorized_and_claimed,12878800,114,186,
skew_equal_shares,lets,114,partition,site-a,True,authorized_and_claimed,12471400,115,185,
skew_equal_shares,lets,115,partition,site-b,True,authorized_and_claimed,10456500,116,184,
skew_equal_shares,lets,116,partition,site-a,True,authorized_and_claimed,11098600,117,183,
skew_equal_shares,lets,117,partition,site-c,True,authorized_and_claimed,10382400,118,182,
skew_equal_shares,lets,118,partition,site-a,True,authorized_and_claimed,10741300,119,181,
skew_equal_shares,lets,119,partition,site-a,True,authorized_and_claimed,10649200,120,180,
skew_equal_shares,lets,120,partition,site-a,True,authorized_and_claimed,10385400,121,179,
skew_equal_shares,lets,121,partition,site-a,True,authorized_and_claimed,11459300,122,178,
skew_equal_shares,lets,122,partition,site-b,True,authorized_and_claimed,12110400,123,177,
skew_equal_shares,lets,123,partition,site-a,True,authorized_and_claimed,10644100,124,176,
skew_equal_shares,lets,124,partition,site-c,True,authorized_and_claimed,9981000,125,175,
skew_equal_shares,lets,125,partition,site-a,True,authorized_and_claimed,10929300,126,174,
skew_equal_shares,lets,126,partition,site-a,True,authorized_and_claimed,10457100,127,173,
skew_equal_shares,lets,127,partition,site-a,True,authorized_and_claimed,10987000,128,172,
skew_equal_shares,lets,128,partition,site-b,True,authorized_and_claimed,10181900,129,171,
skew_equal_shares,lets,129,partition,site-a,True,authorized_and_claimed,10475300,130,170,
skew_equal_shares,lets,130,partition,site-a,True,authorized_and_claimed,10641200,131,169,
skew_equal_shares,lets,131,partition,site-c,True,authorized_and_claimed,12078200,132,168,
skew_equal_shares,lets,132,partition,site-a,True,authorized_and_claimed,10719200,133,167,
skew_equal_shares,lets,133,partition,site-a,True,authorized_and_claimed,11143600,134,166,
skew_equal_shares,lets,134,partition,site-a,True,authorized_and_claimed,10636100,135,165,
skew_equal_shares,lets,135,partition,site-b,True,authorized_and_claimed,10396000,136,164,
skew_equal_shares,lets,136,partition,site-a,True,authorized_and_claimed,10818400,137,163,
skew_equal_shares,lets,137,partition,site-c,True,authorized_and_claimed,10202200,138,162,
skew_equal_shares,lets,138,partition,site-a,True,authorized_and_claimed,11460500,139,161,
skew_equal_shares,lets,139,partition,site-a,True,authorized_and_claimed,11334800,140,160,
skew_equal_shares,lets,140,partition,site-a,True,authorized_and_claimed,11517800,141,159,
skew_equal_shares,lets,141,partition,site-a,True,authorized_and_claimed,10645000,142,158,
skew_equal_shares,lets,142,partition,site-b,True,authorized_and_claimed,10931800,143,157,
skew_equal_shares,lets,143,partition,site-a,False,policy_denied,2067300,143,157,
skew_equal_shares,lets,144,partition,site-c,True,authorized_and_claimed,10270600,144,156,
skew_equal_shares,lets,145,partition,site-a,False,policy_denied,2389600,144,156,
skew_equal_shares,lets,146,partition,site-a,False,policy_denied,2223900,144,156,
skew_equal_shares,lets,147,partition,site-a,False,policy_denied,1948100,144,156,
skew_equal_shares,lets,148,partition,site-b,True,authorized_and_claimed,10866200,145,155,
skew_equal_shares,lets,149,partition,site-a,False,policy_denied,1991900,145,155,
skew_equal_shares,lets,150,partition,site-a,False,policy_denied,1981100,145,155,
skew_equal_shares,lets,151,partition,site-c,True,authorized_and_claimed,10313500,146,154,
skew_equal_shares,lets,152,partition,site-a,False,policy_denied,1928300,146,154,
skew_equal_shares,lets,153,partition,site-a,False,policy_denied,2575100,146,154,
skew_equal_shares,lets,154,partition,site-a,False,policy_denied,2344400,146,154,
skew_equal_shares,lets,155,partition,site-b,True,authorized_and_claimed,11172400,147,153,
skew_equal_shares,lets,156,partition,site-a,False,policy_denied,1959500,147,153,
skew_equal_shares,lets,157,partition,site-c,True,authorized_and_claimed,11855100,148,152,
skew_equal_shares,lets,158,partition,site-a,False,policy_denied,2042700,148,152,
skew_equal_shares,lets,159,partition,site-a,False,policy_denied,2080100,148,152,
skew_equal_shares,lets,160,partition,site-a,False,policy_denied,1980800,148,152,
skew_equal_shares,lets,161,partition,site-a,False,policy_denied,2019900,148,152,
skew_equal_shares,lets,162,partition,site-b,True,authorized_and_claimed,11410300,149,151,
skew_equal_shares,lets,163,partition,site-a,False,policy_denied,1953100,149,151,
skew_equal_shares,lets,164,partition,site-c,True,authorized_and_claimed,10822500,150,150,
skew_equal_shares,lets,165,partition,site-a,False,policy_denied,1994500,150,150,
skew_equal_shares,lets,166,partition,site-a,False,policy_denied,1901400,150,150,
skew_equal_shares,lets,167,partition,site-a,False,policy_denied,2037300,150,150,
skew_equal_shares,lets,168,partition,site-b,True,authorized_and_claimed,10643300,151,149,
skew_equal_shares,lets,169,partition,site-a,False,policy_denied,1936500,151,149,
skew_equal_shares,lets,170,partition,site-a,False,policy_denied,2027500,151,149,
skew_equal_shares,lets,171,partition,site-c,True,authorized_and_claimed,10874200,152,148,
skew_equal_shares,lets,172,partition,site-a,False,policy_denied,1933200,152,148,
skew_equal_shares,lets,173,partition,site-a,False,policy_denied,2008200,152,148,
skew_equal_shares,lets,174,partition,site-a,False,policy_denied,1884300,152,148,
skew_equal_shares,lets,175,partition,site-b,True,authorized_and_claimed,11233900,153,147,
skew_equal_shares,lets,176,partition,site-a,False,policy_denied,1971600,153,147,
skew_equal_shares,lets,177,partition,site-c,True,authorized_and_claimed,10850600,154,146,
skew_equal_shares,lets,178,partition,site-a,False,policy_denied,1937500,154,146,
skew_equal_shares,lets,179,partition,site-a,False,policy_denied,1903800,154,146,
skew_equal_shares,lets,180,partition,site-a,False,policy_denied,2064800,154,146,
skew_equal_shares,lets,181,partition,site-a,False,policy_denied,2288200,154,146,
skew_equal_shares,lets,182,partition,site-b,True,authorized_and_claimed,10450800,155,145,
skew_equal_shares,lets,183,partition,site-a,False,policy_denied,1937700,155,145,
skew_equal_shares,lets,184,partition,site-c,True,authorized_and_claimed,11635900,156,144,
skew_equal_shares,lets,185,partition,site-a,False,policy_denied,1970500,156,144,
skew_equal_shares,lets,186,partition,site-a,False,policy_denied,1890500,156,144,
skew_equal_shares,lets,187,partition,site-a,False,policy_denied,2004900,156,144,
skew_equal_shares,lets,188,partition,site-b,True,authorized_and_claimed,11316500,157,143,
skew_equal_shares,lets,189,partition,site-a,False,policy_denied,1949000,157,143,
skew_equal_shares,lets,190,partition,site-a,False,policy_denied,2285500,157,143,
skew_equal_shares,lets,191,partition,site-c,True,authorized_and_claimed,10193500,158,142,
skew_equal_shares,lets,192,partition,site-a,False,policy_denied,1917100,158,142,
skew_equal_shares,lets,193,partition,site-a,False,policy_denied,2004700,158,142,
skew_equal_shares,lets,194,partition,site-a,False,policy_denied,1977200,158,142,
skew_equal_shares,lets,195,partition,site-b,True,authorized_and_claimed,11615200,159,141,
skew_equal_shares,lets,196,partition,site-a,False,policy_denied,1946100,159,141,
skew_equal_shares,lets,197,partition,site-c,True,authorized_and_claimed,10674100,160,140,
skew_equal_shares,lets,198,partition,site-a,False,policy_denied,1942200,160,140,
skew_equal_shares,lets,199,partition,site-a,False,policy_denied,2318400,160,140,
skew_equal_shares,lets,200,partition,site-a,False,policy_denied,1905100,160,140,
skew_equal_shares,lets,201,partition,site-a,False,policy_denied,1979700,160,140,
skew_equal_shares,lets,202,partition,site-b,True,authorized_and_claimed,10467800,161,139,
skew_equal_shares,lets,203,partition,site-a,False,policy_denied,1921700,161,139,
skew_equal_shares,lets,204,partition,site-c,True,authorized_and_claimed,10224800,162,138,
skew_equal_shares,lets,205,partition,site-a,False,policy_denied,1869600,162,138,
skew_equal_shares,lets,206,partition,site-a,False,policy_denied,2071400,162,138,
skew_equal_shares,lets,207,partition,site-a,False,policy_denied,1987500,162,138,
skew_equal_shares,lets,208,partition,site-b,True,authorized_and_claimed,10623700,163,137,
skew_equal_shares,lets,209,partition,site-a,False,policy_denied,1995300,163,137,
skew_equal_shares,lets,210,recovery,site-a,True,authorized_and_claimed,11422700,164,136,
skew_equal_shares,lets,211,recovery,site-c,True,authorized_and_claimed,10055200,165,135,
skew_equal_shares,lets,212,recovery,site-a,True,authorized_and_claimed,10798300,166,134,
skew_equal_shares,lets,213,recovery,site-a,True,authorized_and_claimed,13369400,167,133,
skew_equal_shares,lets,214,recovery,site-a,True,authorized_and_claimed,10756800,168,132,
skew_equal_shares,lets,215,recovery,site-b,True,authorized_and_claimed,10073500,169,131,
skew_equal_shares,lets,216,recovery,site-a,True,authorized_and_claimed,10614800,170,130,
skew_equal_shares,lets,217,recovery,site-c,True,authorized_and_claimed,11091300,171,129,
skew_equal_shares,lets,218,recovery,site-a,True,authorized_and_claimed,10753200,172,128,
skew_equal_shares,lets,219,recovery,site-a,True,authorized_and_claimed,10564300,173,127,
skew_equal_shares,lets,220,recovery,site-a,True,authorized_and_claimed,10998700,174,126,
skew_equal_shares,lets,221,recovery,site-a,True,authorized_and_claimed,12178600,175,125,
skew_equal_shares,lets,222,recovery,site-b,True,authorized_and_claimed,12023900,176,124,
skew_equal_shares,lets,223,recovery,site-a,True,authorized_and_claimed,10715500,177,123,
skew_equal_shares,lets,224,recovery,site-c,True,authorized_and_claimed,10675900,178,122,
skew_equal_shares,lets,225,recovery,site-a,True,authorized_and_claimed,10696100,179,121,
skew_equal_shares,lets,226,recovery,site-a,True,authorized_and_claimed,10829200,180,120,
skew_equal_shares,lets,227,recovery,site-a,True,authorized_and_claimed,10355000,181,119,
skew_equal_shares,lets,228,recovery,site-b,True,authorized_and_claimed,10219400,182,118,
skew_equal_shares,lets,229,recovery,site-a,True,authorized_and_claimed,10523900,183,117,
skew_equal_shares,lets,230,recovery,site-a,True,authorized_and_claimed,12310600,184,116,
skew_equal_shares,lets,231,recovery,site-c,True,authorized_and_claimed,11523300,185,115,
skew_equal_shares,lets,232,recovery,site-a,True,authorized_and_claimed,10661600,186,114,
skew_equal_shares,lets,233,recovery,site-a,True,authorized_and_claimed,11145800,187,113,
skew_equal_shares,lets,234,recovery,site-a,True,authorized_and_claimed,10856300,188,112,
skew_equal_shares,lets,235,recovery,site-b,True,authorized_and_claimed,10327500,189,111,
skew_equal_shares,lets,236,recovery,site-a,True,authorized_and_claimed,11038100,190,110,
skew_equal_shares,lets,237,recovery,site-c,True,authorized_and_claimed,10231300,191,109,
skew_equal_shares,lets,238,recovery,site-a,True,authorized_and_claimed,10570100,192,108,
skew_equal_shares,lets,239,recovery,site-a,True,authorized_and_claimed,12483200,193,107,
skew_equal_shares,lets,240,recovery,site-a,True,authorized_and_claimed,10754300,194,106,
skew_equal_shares,lets,241,recovery,site-a,True,authorized_and_claimed,11138000,195,105,
skew_equal_shares,lets,242,recovery,site-b,True,authorized_and_claimed,11423900,196,104,
skew_equal_shares,lets,243,recovery,site-a,True,authorized_and_claimed,10742800,197,103,
skew_equal_shares,lets,244,recovery,site-c,True,authorized_and_claimed,10290700,198,102,
skew_equal_shares,lets,245,recovery,site-a,True,authorized_and_claimed,10775900,199,101,
skew_equal_shares,lets,246,recovery,site-a,True,authorized_and_claimed,12442300,200,100,
skew_equal_shares,lets,247,recovery,site-a,True,authorized_and_claimed,11935200,201,99,
skew_equal_shares,lets,248,recovery,site-b,True,authorized_and_claimed,11356700,202,98,
skew_equal_shares,lets,249,recovery,site-a,True,authorized_and_claimed,10516600,203,97,
skew_equal_shares,lets,250,recovery,site-a,True,authorized_and_claimed,10788200,204,96,
skew_equal_shares,lets,251,recovery,site-c,True,authorized_and_claimed,10568000,205,95,
skew_equal_shares,lets,252,recovery,site-a,True,authorized_and_claimed,10764700,206,94,
skew_equal_shares,lets,253,recovery,site-a,True,authorized_and_claimed,11048700,207,93,
skew_equal_shares,lets,254,recovery,site-a,True,authorized_and_claimed,10840900,208,92,
skew_equal_shares,lets,255,recovery,site-b,True,authorized_and_claimed,10750000,209,91,
skew_equal_shares,lets,256,recovery,site-a,True,authorized_and_claimed,12160400,210,90,
skew_equal_shares,lets,257,recovery,site-c,True,authorized_and_claimed,10427300,211,89,
skew_equal_shares,lets,258,recovery,site-a,True,authorized_and_claimed,10992500,212,88,
skew_equal_shares,lets,259,recovery,site-a,True,authorized_and_claimed,10610400,213,87,
skew_equal_shares,lets,260,recovery,site-a,True,authorized_and_claimed,10623700,214,86,
skew_equal_shares,lets,261,recovery,site-a,True,authorized_and_claimed,11588900,215,85,
skew_equal_shares,lets,262,recovery,site-b,True,authorized_and_claimed,10384600,216,84,
skew_equal_shares,lets,263,recovery,site-a,True,authorized_and_claimed,10727400,217,83,
skew_equal_shares,lets,264,recovery,site-c,True,authorized_and_claimed,12127900,218,82,
skew_equal_shares,lets,265,recovery,site-a,True,authorized_and_claimed,10979400,219,81,
skew_equal_shares,lets,266,recovery,site-a,True,authorized_and_claimed,11481000,220,80,
skew_equal_shares,lets,267,recovery,site-a,True,authorized_and_claimed,10884000,221,79,
skew_equal_shares,lets,268,recovery,site-b,True,authorized_and_claimed,10491300,222,78,
skew_equal_shares,lets,269,recovery,site-a,True,authorized_and_claimed,11027400,223,77,
skew_equal_shares,lets,270,recovery,site-a,True,authorized_and_claimed,11870700,224,76,
skew_equal_shares,lets,271,recovery,site-c,True,authorized_and_claimed,10434900,225,75,
skew_equal_shares,lets,272,recovery,site-a,True,authorized_and_claimed,11918100,226,74,
skew_equal_shares,lets,273,recovery,site-a,True,authorized_and_claimed,12448200,227,73,
skew_equal_shares,lets,274,recovery,site-a,True,authorized_and_claimed,10603600,228,72,
skew_equal_shares,lets,275,recovery,site-b,True,authorized_and_claimed,10391000,229,71,
skew_equal_shares,lets,276,recovery,site-a,True,authorized_and_claimed,10670200,230,70,
skew_equal_shares,lets,277,recovery,site-c,True,authorized_and_claimed,10924200,231,69,
skew_equal_shares,lets,278,recovery,site-a,True,authorized_and_claimed,11214500,232,68,
skew_equal_shares,lets,279,recovery,site-a,True,authorized_and_claimed,10979600,233,67,
skew_equal_shares,lets,280,recovery,site-a,True,authorized_and_claimed,11688700,234,66,
skew_equal_shares,lets,281,recovery,site-a,True,authorized_and_claimed,13635800,235,65,
skew_equal_shares,lets,282,recovery,site-b,True,authorized_and_claimed,10515400,236,64,
skew_equal_shares,lets,283,recovery,site-a,True,authorized_and_claimed,10694500,237,63,
skew_equal_shares,lets,284,recovery,site-c,True,authorized_and_claimed,10885200,238,62,
skew_equal_shares,lets,285,recovery,site-a,True,authorized_and_claimed,11943300,239,61,
skew_equal_shares,lets,286,recovery,site-a,True,authorized_and_claimed,10872500,240,60,
skew_equal_shares,lets,287,recovery,site-a,True,authorized_and_claimed,10993200,241,59,
skew_equal_shares,lets,288,recovery,site-b,True,authorized_and_claimed,10346100,242,58,
skew_equal_shares,lets,289,recovery,site-a,True,authorized_and_claimed,12603700,243,57,
skew_equal_shares,lets,290,recovery,site-a,True,authorized_and_claimed,11729100,244,56,
skew_equal_shares,lets,291,recovery,site-c,True,authorized_and_claimed,10271800,245,55,
skew_equal_shares,lets,292,recovery,site-a,True,authorized_and_claimed,11483100,246,54,
skew_equal_shares,lets,293,recovery,site-a,True,authorized_and_claimed,11661600,247,53,
skew_equal_shares,lets,294,recovery,site-a,True,authorized_and_claimed,10577400,248,52,
skew_equal_shares,lets,295,recovery,site-b,True,authorized_and_claimed,10445100,249,51,
skew_equal_shares,lets,296,recovery,site-a,True,authorized_and_claimed,11662200,250,50,
skew_equal_shares,lets,297,recovery,site-c,True,authorized_and_claimed,11098400,251,49,
skew_equal_shares,lets,298,recovery,site-a,True,authorized_and_claimed,12801900,252,48,
skew_equal_shares,lets,299,recovery,site-a,True,authorized_and_claimed,12099200,253,47,
skew_equal_shares,centralized_counter,0,normal,site-a,True,authorized,593400,,,299
skew_equal_shares,centralized_counter,1,normal,site-a,True,authorized,554200,,,298
skew_equal_shares,centralized_counter,2,normal,site-b,True,authorized,555500,,,297
skew_equal_shares,centralized_counter,3,normal,site-a,True,authorized,568200,,,296
skew_equal_shares,centralized_counter,4,normal,site-c,True,authorized,550000,,,295
skew_equal_shares,centralized_counter,5,normal,site-a,True,authorized,558600,,,294
skew_equal_shares,centralized_counter,6,normal,site-a,True,authorized,556400,,,293
skew_equal_shares,centralized_counter,7,normal,site-a,True,authorized,593700,,,292
skew_equal_shares,centralized_counter,8,normal,site-b,True,authorized,620800,,,291
skew_equal_shares,centralized_counter,9,normal,site-a,True,authorized,522100,,,290
skew_equal_shares,centralized_counter,10,normal,site-a,True,authorized,569300,,,289
skew_equal_shares,centralized_counter,11,normal,site-c,True,authorized,563300,,,288
skew_equal_shares,centralized_counter,12,normal,site-a,True,authorized,556000,,,287
skew_equal_shares,centralized_counter,13,normal,site-a,True,authorized,579600,,,286
skew_equal_shares,centralized_counter,14,normal,site-a,True,authorized,578600,,,285
skew_equal_shares,centralized_counter,15,normal,site-b,True,authorized,555400,,,284
skew_equal_shares,centralized_counter,16,normal,site-a,True,authorized,545500,,,283
skew_equal_shares,centralized_counter,17,normal,site-c,True,authorized,561900,,,282
skew_equal_shares,centralized_counter,18,normal,site-a,True,authorized,551600,,,281
skew_equal_shares,centralized_counter,19,normal,site-a,True,authorized,601500,,,280
skew_equal_shares,centralized_counter,20,normal,site-a,True,authorized,573300,,,279
skew_equal_shares,centralized_counter,21,normal,site-a,True,authorized,555500,,,278
skew_equal_shares,centralized_counter,22,normal,site-b,True,authorized,560400,,,277
skew_equal_shares,centralized_counter,23,normal,site-a,True,authorized,548600,,,276
skew_equal_shares,centralized_counter,24,normal,site-c,True,authorized,580800,,,275
skew_equal_shares,centralized_counter,25,normal,site-a,True,authorized,559700,,,274
skew_equal_shares,centralized_counter,26,normal,site-a,True,authorized,551400,,,273
skew_equal_shares,centralized_counter,27,normal,site-a,True,authorized,559800,,,272
skew_equal_shares,centralized_counter,28,normal,site-b,True,authorized,548100,,,271
skew_equal_shares,centralized_counter,29,normal,site-a,True,authorized,570300,,,270
skew_equal_shares,centralized_counter,30,normal,site-a,True,authorized,551600,,,269
skew_equal_shares,centralized_counter,31,normal,site-c,True,authorized,578000,,,268
skew_equal_shares,centralized_counter,32,normal,site-a,True,authorized,534300,,,267
skew_equal_shares,centralized_counter,33,normal,site-a,True,authorized,563600,,,266
skew_equal_shares,centralized_counter,34,normal,site-a,True,authorized,561300,,,265
skew_equal_shares,centralized_counter,35,normal,site-b,True,authorized,568900,,,264
skew_equal_shares,centralized_counter,36,normal,site-a,True,authorized,554300,,,263
skew_equal_shares,centralized_counter,37,normal,site-c,True,authorized,557200,,,262
skew_equal_shares,centralized_counter,38,normal,site-a,True,authorized,560400,,,261
skew_equal_shares,centralized_counter,39,normal,site-a,True,authorized,550500,,,260
skew_equal_shares,centralized_counter,40,normal,site-a,True,authorized,590100,,,259
skew_equal_shares,centralized_counter,41,normal,site-a,True,authorized,555200,,,258
skew_equal_shares,centralized_counter,42,normal,site-b,True,authorized,557200,,,257
skew_equal_shares,centralized_counter,43,normal,site-a,True,authorized,574100,,,256
skew_equal_shares,centralized_counter,44,normal,site-c,True,authorized,577700,,,255
skew_equal_shares,centralized_counter,45,normal,site-a,True,authorized,586700,,,254
skew_equal_shares,centralized_counter,46,normal,site-a,True,authorized,560900,,,253
skew_equal_shares,centralized_counter,47,normal,site-a,True,authorized,558300,,,252
skew_equal_shares,centralized_counter,48,normal,site-b,True,authorized,555200,,,251
skew_equal_shares,centralized_counter,49,normal,site-a,True,authorized,545400,,,250
skew_equal_shares,centralized_counter,50,normal,site-a,True,authorized,564900,,,249
skew_equal_shares,centralized_counter,51,normal,site-c,True,authorized,570600,,,248
skew_equal_shares,centralized_counter,52,normal,site-a,True,authorized,577200,,,247
skew_equal_shares,centralized_counter,53,normal,site-a,True,authorized,560900,,,246
skew_equal_shares,centralized_counter,54,normal,site-a,True,authorized,559700,,,245
skew_equal_shares,centralized_counter,55,normal,site-b,True,authorized,574400,,,244
skew_equal_shares,centralized_counter,56,normal,site-a,True,authorized,593800,,,243
skew_equal_shares,centralized_counter,57,normal,site-c,True,authorized,554400,,,242
skew_equal_shares,centralized_counter,58,normal,site-a,True,authorized,728800,,,241
skew_equal_shares,centralized_counter,59,normal,site-a,True,authorized,548600,,,240
skew_equal_shares,centralized_counter,60,partition,site-a,False,central_unreachable,0,,,240
skew_equal_shares,centralized_counter,61,partition,site-a,False,central_unreachable,0,,,240
skew_equal_shares,centralized_counter,62,partition,site-b,True,authorized,561600,,,239
skew_equal_shares,centralized_counter,63,partition,site-a,False,central_unreachable,0,,,239
skew_equal_shares,centralized_counter,64,partition,site-c,True,authorized,899000,,,238
skew_equal_shares,centralized_counter,65,partition,site-a,False,central_unreachable,0,,,238
skew_equal_shares,centralized_counter,66,partition,site-a,False,central_unreachable,0,,,238
skew_equal_shares,centralized_counter,67,partition,site-a,False,central_unreachable,0,,,238
skew_equal_shares,centralized_counter,68,partition,site-b,True,authorized,863100,,,237
skew_equal_shares,centralized_counter,69,partition,site-a,False,central_unreachable,0,,,237
skew_equal_shares,centralized_counter,70,partition,site-a,False,central_unreachable,0,,,237
skew_equal_shares,centralized_counter,71,partition,site-c,True,authorized,873100,,,236
skew_equal_shares,centralized_counter,72,partition,site-a,False,central_unreachable,0,,,236
skew_equal_shares,centralized_counter,73,partition,site-a,False,central_unreachable,0,,,236
skew_equal_shares,centralized_counter,74,partition,site-a,False,central_unreachable,0,,,236
skew_equal_shares,centralized_counter,75,partition,site-b,True,authorized,877400,,,235
skew_equal_shares,centralized_counter,76,partition,site-a,False,central_unreachable,0,,,235
skew_equal_shares,centralized_counter,77,partition,site-c,True,authorized,907500,,,234
skew_equal_shares,centralized_counter,78,partition,site-a,False,central_unreachable,0,,,234
skew_equal_shares,centralized_counter,79,partition,site-a,False,central_unreachable,0,,,234
skew_equal_shares,centralized_counter,80,partition,site-a,False,central_unreachable,0,,,234
skew_equal_shares,centralized_counter,81,partition,site-a,False,central_unreachable,0,,,234
skew_equal_shares,centralized_counter,82,partition,site-b,True,authorized,886800,,,233
skew_equal_shares,centralized_counter,83,partition,site-a,False,central_unreachable,0,,,233
skew_equal_shares,centralized_counter,84,partition,site-c,True,authorized,898900,,,232
skew_equal_shares,centralized_counter,85,partition,site-a,False,central_unreachable,0,,,232
skew_equal_shares,centralized_counter,86,partition,site-a,False,central_unreachable,0,,,232
skew_equal_shares,centralized_counter,87,partition,site-a,False,central_unreachable,0,,,232
skew_equal_shares,centralized_counter,88,partition,site-b,True,authorized,885200,,,231
skew_equal_shares,centralized_counter,89,partition,site-a,False,central_unreachable,0,,,231
skew_equal_shares,centralized_counter,90,partition,site-a,False,central_unreachable,0,,,231
skew_equal_shares,centralized_counter,91,partition,site-c,True,authorized,557900,,,230
skew_equal_shares,centralized_counter,92,partition,site-a,False,central_unreachable,0,,,230
skew_equal_shares,centralized_counter,93,partition,site-a,False,central_unreachable,0,,,230
skew_equal_shares,centralized_counter,94,partition,site-a,False,central_unreachable,0,,,230
skew_equal_shares,centralized_counter,95,partition,site-b,True,authorized,547700,,,229
skew_equal_shares,centralized_counter,96,partition,site-a,False,central_unreachable,0,,,229
skew_equal_shares,centralized_counter,97,partition,site-c,True,authorized,552700,,,228
skew_equal_shares,centralized_counter,98,partition,site-a,False,central_unreachable,0,,,228
skew_equal_shares,centralized_counter,99,partition,site-a,False,central_unreachable,0,,,228
skew_equal_shares,centralized_counter,100,partition,site-a,False,central_unreachable,0,,,228
skew_equal_shares,centralized_counter,101,partition,site-a,False,central_unreachable,0,,,228
skew_equal_shares,centralized_counter,102,partition,site-b,True,authorized,565600,,,227
skew_equal_shares,centralized_counter,103,partition,site-a,False,central_unreachable,0,,,227
skew_equal_shares,centralized_counter,104,partition,site-c,True,authorized,579000,,,226
skew_equal_shares,centralized_counter,105,partition,site-a,False,central_unreachable,0,,,226
skew_equal_shares,centralized_counter,106,partition,site-a,False,central_unreachable,0,,,226
skew_equal_shares,centralized_counter,107,partition,site-a,False,central_unreachable,0,,,226
skew_equal_shares,centralized_counter,108,partition,site-b,True,authorized,575800,,,225
skew_equal_shares,centralized_counter,109,partition,site-a,False,central_unreachable,0,,,225
skew_equal_shares,centralized_counter,110,partition,site-a,False,central_unreachable,0,,,225
skew_equal_shares,centralized_counter,111,partition,site-c,True,authorized,596700,,,224
skew_equal_shares,centralized_counter,112,partition,site-a,False,central_unreachable,0,,,224
skew_equal_shares,centralized_counter,113,partition,site-a,False,central_unreachable,0,,,224
skew_equal_shares,centralized_counter,114,partition,site-a,False,central_unreachable,0,,,224
skew_equal_shares,centralized_counter,115,partition,site-b,True,authorized,594000,,,223
skew_equal_shares,centralized_counter,116,partition,site-a,False,central_unreachable,0,,,223
skew_equal_shares,centralized_counter,117,partition,site-c,True,authorized,567100,,,222
skew_equal_shares,centralized_counter,118,partition,site-a,False,central_unreachable,0,,,222
skew_equal_shares,centralized_counter,119,partition,site-a,False,central_unreachable,0,,,222
skew_equal_shares,centralized_counter,120,partition,site-a,False,central_unreachable,0,,,222
skew_equal_shares,centralized_counter,121,partition,site-a,False,central_unreachable,0,,,222
skew_equal_shares,centralized_counter,122,partition,site-b,True,authorized,568500,,,221
skew_equal_shares,centralized_counter,123,partition,site-a,False,central_unreachable,0,,,221
skew_equal_shares,centralized_counter,124,partition,site-c,True,authorized,553300,,,220
skew_equal_shares,centralized_counter,125,partition,site-a,False,central_unreachable,0,,,220
skew_equal_shares,centralized_counter,126,partition,site-a,False,central_unreachable,0,,,220
skew_equal_shares,centralized_counter,127,partition,site-a,False,central_unreachable,0,,,220
skew_equal_shares,centralized_counter,128,partition,site-b,True,authorized,552600,,,219
skew_equal_shares,centralized_counter,129,partition,site-a,False,central_unreachable,0,,,219
skew_equal_shares,centralized_counter,130,partition,site-a,False,central_unreachable,0,,,219
skew_equal_shares,centralized_counter,131,partition,site-c,True,authorized,634100,,,218
skew_equal_shares,centralized_counter,132,partition,site-a,False,central_unreachable,0,,,218
skew_equal_shares,centralized_counter,133,partition,site-a,False,central_unreachable,0,,,218
skew_equal_shares,centralized_counter,134,partition,site-a,False,central_unreachable,0,,,218
skew_equal_shares,centralized_counter,135,partition,site-b,True,authorized,554200,,,217
skew_equal_shares,centralized_counter,136,partition,site-a,False,central_unreachable,0,,,217
skew_equal_shares,centralized_counter,137,partition,site-c,True,authorized,547700,,,216
skew_equal_shares,centralized_counter,138,partition,site-a,False,central_unreachable,0,,,216
skew_equal_shares,centralized_counter,139,partition,site-a,False,central_unreachable,0,,,216
skew_equal_shares,centralized_counter,140,partition,site-a,False,central_unreachable,0,,,216
skew_equal_shares,centralized_counter,141,partition,site-a,False,central_unreachable,0,,,216
skew_equal_shares,centralized_counter,142,partition,site-b,True,authorized,557000,,,215
skew_equal_shares,centralized_counter,143,partition,site-a,False,central_unreachable,0,,,215
skew_equal_shares,centralized_counter,144,partition,site-c,True,authorized,563600,,,214
skew_equal_shares,centralized_counter,145,partition,site-a,False,central_unreachable,0,,,214
skew_equal_shares,centralized_counter,146,partition,site-a,False,central_unreachable,0,,,214
skew_equal_shares,centralized_counter,147,partition,site-a,False,central_unreachable,0,,,214
skew_equal_shares,centralized_counter,148,partition,site-b,True,authorized,581400,,,213
skew_equal_shares,centralized_counter,149,partition,site-a,False,central_unreachable,0,,,213
skew_equal_shares,centralized_counter,150,partition,site-a,False,central_unreachable,0,,,213
skew_equal_shares,centralized_counter,151,partition,site-c,True,authorized,517000,,,212
skew_equal_shares,centralized_counter,152,partition,site-a,False,central_unreachable,0,,,212
skew_equal_shares,centralized_counter,153,partition,site-a,False,central_unreachable,0,,,212
skew_equal_shares,centralized_counter,154,partition,site-a,False,central_unreachable,0,,,212
skew_equal_shares,centralized_counter,155,partition,site-b,True,authorized,551000,,,211
skew_equal_shares,centralized_counter,156,partition,site-a,False,central_unreachable,0,,,211
skew_equal_shares,centralized_counter,157,partition,site-c,True,authorized,526100,,,210
skew_equal_shares,centralized_counter,158,partition,site-a,False,central_unreachable,0,,,210
skew_equal_shares,centralized_counter,159,partition,site-a,False,central_unreachable,0,,,210
skew_equal_shares,centralized_counter,160,partition,site-a,False,central_unreachable,0,,,210
skew_equal_shares,centralized_counter,161,partition,site-a,False,central_unreachable,0,,,210
skew_equal_shares,centralized_counter,162,partition,site-b,True,authorized,592200,,,209
skew_equal_shares,centralized_counter,163,partition,site-a,False,central_unreachable,0,,,209
skew_equal_shares,centralized_counter,164,partition,site-c,True,authorized,555800,,,208
skew_equal_shares,centralized_counter,165,partition,site-a,False,central_unreachable,0,,,208
skew_equal_shares,centralized_counter,166,partition,site-a,False,central_unreachable,0,,,208
skew_equal_shares,centralized_counter,167,partition,site-a,False,central_unreachable,0,,,208
skew_equal_shares,centralized_counter,168,partition,site-b,True,authorized,564600,,,207
skew_equal_shares,centralized_counter,169,partition,site-a,False,central_unreachable,0,,,207
skew_equal_shares,centralized_counter,170,partition,site-a,False,central_unreachable,0,,,207
skew_equal_shares,centralized_counter,171,partition,site-c,True,authorized,563000,,,206
skew_equal_shares,centralized_counter,172,partition,site-a,False,central_unreachable,0,,,206
skew_equal_shares,centralized_counter,173,partition,site-a,False,central_unreachable,0,,,206
skew_equal_shares,centralized_counter,174,partition,site-a,False,central_unreachable,0,,,206
skew_equal_shares,centralized_counter,175,partition,site-b,True,authorized,556600,,,205
skew_equal_shares,centralized_counter,176,partition,site-a,False,central_unreachable,0,,,205
skew_equal_shares,centralized_counter,177,partition,site-c,True,authorized,555800,,,204
skew_equal_shares,centralized_counter,178,partition,site-a,False,central_unreachable,0,,,204
skew_equal_shares,centralized_counter,179,partition,site-a,False,central_unreachable,0,,,204
skew_equal_shares,centralized_counter,180,partition,site-a,False,central_unreachable,0,,,204
skew_equal_shares,centralized_counter,181,partition,site-a,False,central_unreachable,0,,,204
skew_equal_shares,centralized_counter,182,partition,site-b,True,authorized,552600,,,203
skew_equal_shares,centralized_counter,183,partition,site-a,False,central_unreachable,0,,,203
skew_equal_shares,centralized_counter,184,partition,site-c,True,authorized,575700,,,202
skew_equal_shares,centralized_counter,185,partition,site-a,False,central_unreachable,0,,,202
skew_equal_shares,centralized_counter,186,partition,site-a,False,central_unreachable,0,,,202
skew_equal_shares,centralized_counter,187,partition,site-a,False,central_unreachable,0,,,202
skew_equal_shares,centralized_counter,188,partition,site-b,True,authorized,562400,,,201
skew_equal_shares,centralized_counter,189,partition,site-a,False,central_unreachable,0,,,201
skew_equal_shares,centralized_counter,190,partition,site-a,False,central_unreachable,0,,,201
skew_equal_shares,centralized_counter,191,partition,site-c,True,authorized,552900,,,200
skew_equal_shares,centralized_counter,192,partition,site-a,False,central_unreachable,0,,,200
skew_equal_shares,centralized_counter,193,partition,site-a,False,central_unreachable,0,,,200
skew_equal_shares,centralized_counter,194,partition,site-a,False,central_unreachable,0,,,200
skew_equal_shares,centralized_counter,195,partition,site-b,True,authorized,568000,,,199
skew_equal_shares,centralized_counter,196,partition,site-a,False,central_unreachable,0,,,199
skew_equal_shares,centralized_counter,197,partition,site-c,True,authorized,556800,,,198
skew_equal_shares,centralized_counter,198,partition,site-a,False,central_unreachable,0,,,198
skew_equal_shares,centralized_counter,199,partition,site-a,False,central_unreachable,0,,,198
skew_equal_shares,centralized_counter,200,partition,site-a,False,central_unreachable,0,,,198
skew_equal_shares,centralized_counter,201,partition,site-a,False,central_unreachable,0,,,198
skew_equal_shares,centralized_counter,202,partition,site-b,True,authorized,552300,,,197
skew_equal_shares,centralized_counter,203,partition,site-a,False,central_unreachable,0,,,197
skew_equal_shares,centralized_counter,204,partition,site-c,True,authorized,577500,,,196
skew_equal_shares,centralized_counter,205,partition,site-a,False,central_unreachable,0,,,196
skew_equal_shares,centralized_counter,206,partition,site-a,False,central_unreachable,0,,,196
skew_equal_shares,centralized_counter,207,partition,site-a,False,central_unreachable,0,,,196
skew_equal_shares,centralized_counter,208,partition,site-b,True,authorized,570400,,,195
skew_equal_shares,centralized_counter,209,partition,site-a,False,central_unreachable,0,,,195
skew_equal_shares,centralized_counter,210,recovery,site-a,True,authorized,562200,,,194
skew_equal_shares,centralized_counter,211,recovery,site-c,True,authorized,560200,,,193
skew_equal_shares,centralized_counter,212,recovery,site-a,True,authorized,555200,,,192
skew_equal_shares,centralized_counter,213,recovery,site-a,True,authorized,556700,,,191
skew_equal_shares,centralized_counter,214,recovery,site-a,True,authorized,571000,,,190
skew_equal_shares,centralized_counter,215,recovery,site-b,True,authorized,652200,,,189
skew_equal_shares,centralized_counter,216,recovery,site-a,True,authorized,560300,,,188
skew_equal_shares,centralized_counter,217,recovery,site-c,True,authorized,567500,,,187
skew_equal_shares,centralized_counter,218,recovery,site-a,True,authorized,565700,,,186
skew_equal_shares,centralized_counter,219,recovery,site-a,True,authorized,551900,,,185
skew_equal_shares,centralized_counter,220,recovery,site-a,True,authorized,555600,,,184
skew_equal_shares,centralized_counter,221,recovery,site-a,True,authorized,551500,,,183
skew_equal_shares,centralized_counter,222,recovery,site-b,True,authorized,572300,,,182
skew_equal_shares,centralized_counter,223,recovery,site-a,True,authorized,551700,,,181
skew_equal_shares,centralized_counter,224,recovery,site-c,True,authorized,557000,,,180
skew_equal_shares,centralized_counter,225,recovery,site-a,True,authorized,551800,,,179
skew_equal_shares,centralized_counter,226,recovery,site-a,True,authorized,575200,,,178
skew_equal_shares,centralized_counter,227,recovery,site-a,True,authorized,568400,,,177
skew_equal_shares,centralized_counter,228,recovery,site-b,True,authorized,583900,,,176
skew_equal_shares,centralized_counter,229,recovery,site-a,True,authorized,570400,,,175
skew_equal_shares,centralized_counter,230,recovery,site-a,True,authorized,579100,,,174
skew_equal_shares,centralized_counter,231,recovery,site-c,True,authorized,564200,,,173
skew_equal_shares,centralized_counter,232,recovery,site-a,True,authorized,559600,,,172
skew_equal_shares,centralized_counter,233,recovery,site-a,True,authorized,573600,,,171
skew_equal_shares,centralized_counter,234,recovery,site-a,True,authorized,575700,,,170
skew_equal_shares,centralized_counter,235,recovery,site-b,True,authorized,541200,,,169
skew_equal_shares,centralized_counter,236,recovery,site-a,True,authorized,563600,,,168
skew_equal_shares,centralized_counter,237,recovery,site-c,True,authorized,565100,,,167
skew_equal_shares,centralized_counter,238,recovery,site-a,True,authorized,545300,,,166
skew_equal_shares,centralized_counter,239,recovery,site-a,True,authorized,563300,,,165
skew_equal_shares,centralized_counter,240,recovery,site-a,True,authorized,567900,,,164
skew_equal_shares,centralized_counter,241,recovery,site-a,True,authorized,545400,,,163
skew_equal_shares,centralized_counter,242,recovery,site-b,True,authorized,553500,,,162
skew_equal_shares,centralized_counter,243,recovery,site-a,True,authorized,559900,,,161
skew_equal_shares,centralized_counter,244,recovery,site-c,True,authorized,567500,,,160
skew_equal_shares,centralized_counter,245,recovery,site-a,True,authorized,559500,,,159
skew_equal_shares,centralized_counter,246,recovery,site-a,True,authorized,560200,,,158
skew_equal_shares,centralized_counter,247,recovery,site-a,True,authorized,548700,,,157
skew_equal_shares,centralized_counter,248,recovery,site-b,True,authorized,557300,,,156
skew_equal_shares,centralized_counter,249,recovery,site-a,True,authorized,575700,,,155
skew_equal_shares,centralized_counter,250,recovery,site-a,True,authorized,581000,,,154
skew_equal_shares,centralized_counter,251,recovery,site-c,True,authorized,566400,,,153
skew_equal_shares,centralized_counter,252,recovery,site-a,True,authorized,619200,,,152
skew_equal_shares,centralized_counter,253,recovery,site-a,True,authorized,553700,,,151
skew_equal_shares,centralized_counter,254,recovery,site-a,True,authorized,574000,,,150
skew_equal_shares,centralized_counter,255,recovery,site-b,True,authorized,559800,,,149
skew_equal_shares,centralized_counter,256,recovery,site-a,True,authorized,555100,,,148
skew_equal_shares,centralized_counter,257,recovery,site-c,True,authorized,555200,,,147
skew_equal_shares,centralized_counter,258,recovery,site-a,True,authorized,556900,,,146
skew_equal_shares,centralized_counter,259,recovery,site-a,True,authorized,571600,,,145
skew_equal_shares,centralized_counter,260,recovery,site-a,True,authorized,554900,,,144
skew_equal_shares,centralized_counter,261,recovery,site-a,True,authorized,555400,,,143
skew_equal_shares,centralized_counter,262,recovery,site-b,True,authorized,896900,,,142
skew_equal_shares,centralized_counter,263,recovery,site-a,True,authorized,898800,,,141
skew_equal_shares,centralized_counter,264,recovery,site-c,True,authorized,918300,,,140
skew_equal_shares,centralized_counter,265,recovery,site-a,True,authorized,870300,,,139
skew_equal_shares,centralized_counter,266,recovery,site-a,True,authorized,892700,,,138
skew_equal_shares,centralized_counter,267,recovery,site-a,True,authorized,871900,,,137
skew_equal_shares,centralized_counter,268,recovery,site-b,True,authorized,863800,,,136
skew_equal_shares,centralized_counter,269,recovery,site-a,True,authorized,931000,,,135
skew_equal_shares,centralized_counter,270,recovery,site-a,True,authorized,577000,,,134
skew_equal_shares,centralized_counter,271,recovery,site-c,True,authorized,576100,,,133
skew_equal_shares,centralized_counter,272,recovery,site-a,True,authorized,540700,,,132
skew_equal_shares,centralized_counter,273,recovery,site-a,True,authorized,549900,,,131
skew_equal_shares,centralized_counter,274,recovery,site-a,True,authorized,574500,,,130
skew_equal_shares,centralized_counter,275,recovery,site-b,True,authorized,555500,,,129
skew_equal_shares,centralized_counter,276,recovery,site-a,True,authorized,568900,,,128
skew_equal_shares,centralized_counter,277,recovery,site-c,True,authorized,548800,,,127
skew_equal_shares,centralized_counter,278,recovery,site-a,True,authorized,545800,,,126
skew_equal_shares,centralized_counter,279,recovery,site-a,True,authorized,553800,,,125
skew_equal_shares,centralized_counter,280,recovery,site-a,True,authorized,557800,,,124
skew_equal_shares,centralized_counter,281,recovery,site-a,True,authorized,549100,,,123
skew_equal_shares,centralized_counter,282,recovery,site-b,True,authorized,558700,,,122
skew_equal_shares,centralized_counter,283,recovery,site-a,True,authorized,579000,,,121
skew_equal_shares,centralized_counter,284,recovery,site-c,True,authorized,500700,,,120
skew_equal_shares,centralized_counter,285,recovery,site-a,True,authorized,566200,,,119
skew_equal_shares,centralized_counter,286,recovery,site-a,True,authorized,555700,,,118
skew_equal_shares,centralized_counter,287,recovery,site-a,True,authorized,562000,,,117
skew_equal_shares,centralized_counter,288,recovery,site-b,True,authorized,571200,,,116
skew_equal_shares,centralized_counter,289,recovery,site-a,True,authorized,577700,,,115
skew_equal_shares,centralized_counter,290,recovery,site-a,True,authorized,576200,,,114
skew_equal_shares,centralized_counter,291,recovery,site-c,True,authorized,547800,,,113
skew_equal_shares,centralized_counter,292,recovery,site-a,True,authorized,543600,,,112
skew_equal_shares,centralized_counter,293,recovery,site-a,True,authorized,547100,,,111
skew_equal_shares,centralized_counter,294,recovery,site-a,True,authorized,550400,,,110
skew_equal_shares,centralized_counter,295,recovery,site-b,True,authorized,550700,,,109
skew_equal_shares,centralized_counter,296,recovery,site-a,True,authorized,606500,,,108
skew_equal_shares,centralized_counter,297,recovery,site-c,True,authorized,557100,,,107
skew_equal_shares,centralized_counter,298,recovery,site-a,True,authorized,552800,,,106
skew_equal_shares,centralized_counter,299,recovery,site-a,True,authorized,559500,,,105
skew_demand_placed_shares,lets,0,normal,site-a,True,authorized_and_claimed,10301000,1,299,
skew_demand_placed_shares,lets,1,normal,site-a,True,authorized_and_claimed,10149300,2,298,
skew_demand_placed_shares,lets,2,normal,site-b,True,authorized_and_claimed,9812700,3,297,
skew_demand_placed_shares,lets,3,normal,site-a,True,authorized_and_claimed,10166500,4,296,
skew_demand_placed_shares,lets,4,normal,site-c,True,authorized_and_claimed,11458400,5,295,
skew_demand_placed_shares,lets,5,normal,site-a,True,authorized_and_claimed,10222100,6,294,
skew_demand_placed_shares,lets,6,normal,site-a,True,authorized_and_claimed,10530200,7,293,
skew_demand_placed_shares,lets,7,normal,site-a,True,authorized_and_claimed,10289100,8,292,
skew_demand_placed_shares,lets,8,normal,site-b,True,authorized_and_claimed,10804400,9,291,
skew_demand_placed_shares,lets,9,normal,site-a,True,authorized_and_claimed,10154000,10,290,
skew_demand_placed_shares,lets,10,normal,site-a,True,authorized_and_claimed,10403200,11,289,
skew_demand_placed_shares,lets,11,normal,site-c,True,authorized_and_claimed,10053200,12,288,
skew_demand_placed_shares,lets,12,normal,site-a,True,authorized_and_claimed,10497700,13,287,
skew_demand_placed_shares,lets,13,normal,site-a,True,authorized_and_claimed,12004900,14,286,
skew_demand_placed_shares,lets,14,normal,site-a,True,authorized_and_claimed,10176300,15,285,
skew_demand_placed_shares,lets,15,normal,site-b,True,authorized_and_claimed,10120300,16,284,
skew_demand_placed_shares,lets,16,normal,site-a,True,authorized_and_claimed,10555900,17,283,
skew_demand_placed_shares,lets,17,normal,site-c,True,authorized_and_claimed,10560200,18,282,
skew_demand_placed_shares,lets,18,normal,site-a,True,authorized_and_claimed,10438100,19,281,
skew_demand_placed_shares,lets,19,normal,site-a,True,authorized_and_claimed,10870100,20,280,
skew_demand_placed_shares,lets,20,normal,site-a,True,authorized_and_claimed,10910900,21,279,
skew_demand_placed_shares,lets,21,normal,site-a,True,authorized_and_claimed,10572800,22,278,
skew_demand_placed_shares,lets,22,normal,site-b,True,authorized_and_claimed,11845800,23,277,
skew_demand_placed_shares,lets,23,normal,site-a,True,authorized_and_claimed,9806200,24,276,
skew_demand_placed_shares,lets,24,normal,site-c,True,authorized_and_claimed,10331100,25,275,
skew_demand_placed_shares,lets,25,normal,site-a,True,authorized_and_claimed,10478200,26,274,
skew_demand_placed_shares,lets,26,normal,site-a,True,authorized_and_claimed,10332400,27,273,
skew_demand_placed_shares,lets,27,normal,site-a,True,authorized_and_claimed,10823800,28,272,
skew_demand_placed_shares,lets,28,normal,site-b,True,authorized_and_claimed,17670800,29,271,
skew_demand_placed_shares,lets,29,normal,site-a,True,authorized_and_claimed,31469400,30,270,
skew_demand_placed_shares,lets,30,normal,site-a,True,authorized_and_claimed,12331600,31,269,
skew_demand_placed_shares,lets,31,normal,site-c,True,authorized_and_claimed,10248100,32,268,
skew_demand_placed_shares,lets,32,normal,site-a,True,authorized_and_claimed,10316700,33,267,
skew_demand_placed_shares,lets,33,normal,site-a,True,authorized_and_claimed,10535900,34,266,
skew_demand_placed_shares,lets,34,normal,site-a,True,authorized_and_claimed,10267100,35,265,
skew_demand_placed_shares,lets,35,normal,site-b,True,authorized_and_claimed,9998400,36,264,
skew_demand_placed_shares,lets,36,normal,site-a,True,authorized_and_claimed,10236000,37,263,
skew_demand_placed_shares,lets,37,normal,site-c,True,authorized_and_claimed,10125100,38,262,
skew_demand_placed_shares,lets,38,normal,site-a,True,authorized_and_claimed,10465700,39,261,
skew_demand_placed_shares,lets,39,normal,site-a,True,authorized_and_claimed,12293200,40,260,
skew_demand_placed_shares,lets,40,normal,site-a,True,authorized_and_claimed,10202800,41,259,
skew_demand_placed_shares,lets,41,normal,site-a,True,authorized_and_claimed,10464800,42,258,
skew_demand_placed_shares,lets,42,normal,site-b,True,authorized_and_claimed,11356700,43,257,
skew_demand_placed_shares,lets,43,normal,site-a,True,authorized_and_claimed,10289800,44,256,
skew_demand_placed_shares,lets,44,normal,site-c,True,authorized_and_claimed,10036300,45,255,
skew_demand_placed_shares,lets,45,normal,site-a,True,authorized_and_claimed,10319000,46,254,
skew_demand_placed_shares,lets,46,normal,site-a,True,authorized_and_claimed,10385600,47,253,
skew_demand_placed_shares,lets,47,normal,site-a,True,authorized_and_claimed,10420600,48,252,
skew_demand_placed_shares,lets,48,normal,site-b,True,authorized_and_claimed,12026700,49,251,
skew_demand_placed_shares,lets,49,normal,site-a,True,authorized_and_claimed,10493700,50,250,
skew_demand_placed_shares,lets,50,normal,site-a,True,authorized_and_claimed,10078500,51,249,
skew_demand_placed_shares,lets,51,normal,site-c,True,authorized_and_claimed,9839100,52,248,
skew_demand_placed_shares,lets,52,normal,site-a,True,authorized_and_claimed,10145900,53,247,
skew_demand_placed_shares,lets,53,normal,site-a,True,authorized_and_claimed,10786100,54,246,
skew_demand_placed_shares,lets,54,normal,site-a,True,authorized_and_claimed,10261700,55,245,
skew_demand_placed_shares,lets,55,normal,site-b,True,authorized_and_claimed,10226100,56,244,
skew_demand_placed_shares,lets,56,normal,site-a,True,authorized_and_claimed,11333800,57,243,
skew_demand_placed_shares,lets,57,normal,site-c,True,authorized_and_claimed,11084700,58,242,
skew_demand_placed_shares,lets,58,normal,site-a,True,authorized_and_claimed,10293800,59,241,
skew_demand_placed_shares,lets,59,normal,site-a,True,authorized_and_claimed,11263600,60,240,
skew_demand_placed_shares,lets,60,partition,site-a,True,authorized_and_claimed,10607700,61,239,
skew_demand_placed_shares,lets,61,partition,site-a,True,authorized_and_claimed,10365000,62,238,
skew_demand_placed_shares,lets,62,partition,site-b,True,authorized_and_claimed,9889500,63,237,
skew_demand_placed_shares,lets,63,partition,site-a,True,authorized_and_claimed,10226600,64,236,
skew_demand_placed_shares,lets,64,partition,site-c,True,authorized_and_claimed,10003800,65,235,
skew_demand_placed_shares,lets,65,partition,site-a,True,authorized_and_claimed,11841700,66,234,
skew_demand_placed_shares,lets,66,partition,site-a,True,authorized_and_claimed,11559400,67,233,
skew_demand_placed_shares,lets,67,partition,site-a,True,authorized_and_claimed,10422400,68,232,
skew_demand_placed_shares,lets,68,partition,site-b,True,authorized_and_claimed,9968800,69,231,
skew_demand_placed_shares,lets,69,partition,site-a,True,authorized_and_claimed,10478100,70,230,
skew_demand_placed_shares,lets,70,partition,site-a,True,authorized_and_claimed,10892600,71,229,
skew_demand_placed_shares,lets,71,partition,site-c,True,authorized_and_claimed,10457000,72,228,
skew_demand_placed_shares,lets,72,partition,site-a,True,authorized_and_claimed,10614400,73,227,
skew_demand_placed_shares,lets,73,partition,site-a,True,authorized_and_claimed,10844900,74,226,
skew_demand_placed_shares,lets,74,partition,site-a,True,authorized_and_claimed,12225900,75,225,
skew_demand_placed_shares,lets,75,partition,site-b,True,authorized_and_claimed,10611800,76,224,
skew_demand_placed_shares,lets,76,partition,site-a,True,authorized_and_claimed,10277300,77,223,
skew_demand_placed_shares,lets,77,partition,site-c,True,authorized_and_claimed,9872800,78,222,
skew_demand_placed_shares,lets,78,partition,site-a,True,authorized_and_claimed,10339400,79,221,
skew_demand_placed_shares,lets,79,partition,site-a,True,authorized_and_claimed,10583200,80,220,
skew_demand_placed_shares,lets,80,partition,site-a,True,authorized_and_claimed,10404400,81,219,
skew_demand_placed_shares,lets,81,partition,site-a,True,authorized_and_claimed,10429200,82,218,
skew_demand_placed_shares,lets,82,partition,site-b,True,authorized_and_claimed,10356800,83,217,
skew_demand_placed_shares,lets,83,partition,site-a,True,authorized_and_claimed,12178900,84,216,
skew_demand_placed_shares,lets,84,partition,site-c,True,authorized_and_claimed,10250000,85,215,
skew_demand_placed_shares,lets,85,partition,site-a,True,authorized_and_claimed,10361700,86,214,
skew_demand_placed_shares,lets,86,partition,site-a,True,authorized_and_claimed,11024600,87,213,
skew_demand_placed_shares,lets,87,partition,site-a,True,authorized_and_claimed,11068800,88,212,
skew_demand_placed_shares,lets,88,partition,site-b,True,authorized_and_claimed,9888200,89,211,
skew_demand_placed_shares,lets,89,partition,site-a,True,authorized_and_claimed,10055300,90,210,
skew_demand_placed_shares,lets,90,partition,site-a,True,authorized_and_claimed,11342100,91,209,
skew_demand_placed_shares,lets,91,partition,site-c,True,authorized_and_claimed,10031300,92,208,
skew_demand_placed_shares,lets,92,partition,site-a,True,authorized_and_claimed,12013200,93,207,
skew_demand_placed_shares,lets,93,partition,site-a,True,authorized_and_claimed,10286500,94,206,
skew_demand_placed_shares,lets,94,partition,site-a,True,authorized_and_claimed,11080600,95,205,
skew_demand_placed_shares,lets,95,partition,site-b,True,authorized_and_claimed,10778600,96,204,
skew_demand_placed_shares,lets,96,partition,site-a,True,authorized_and_claimed,10504100,97,203,
skew_demand_placed_shares,lets,97,partition,site-c,True,authorized_and_claimed,10088100,98,202,
skew_demand_placed_shares,lets,98,partition,site-a,True,authorized_and_claimed,10054000,99,201,
skew_demand_placed_shares,lets,99,partition,site-a,True,authorized_and_claimed,10937600,100,200,
skew_demand_placed_shares,lets,100,partition,site-a,True,authorized_and_claimed,12011600,101,199,
skew_demand_placed_shares,lets,101,partition,site-a,True,authorized_and_claimed,12182400,102,198,
skew_demand_placed_shares,lets,102,partition,site-b,True,authorized_and_claimed,10198200,103,197,
skew_demand_placed_shares,lets,103,partition,site-a,True,authorized_and_claimed,11476900,104,196,
skew_demand_placed_shares,lets,104,partition,site-c,True,authorized_and_claimed,10311600,105,195,
skew_demand_placed_shares,lets,105,partition,site-a,True,authorized_and_claimed,10240100,106,194,
skew_demand_placed_shares,lets,106,partition,site-a,True,authorized_and_claimed,10440000,107,193,
skew_demand_placed_shares,lets,107,partition,site-a,True,authorized_and_claimed,10673300,108,192,
skew_demand_placed_shares,lets,108,partition,site-b,True,authorized_and_claimed,10040300,109,191,
skew_demand_placed_shares,lets,109,partition,site-a,True,authorized_and_claimed,12010000,110,190,
skew_demand_placed_shares,lets,110,partition,site-a,True,authorized_and_claimed,11667900,111,189,
skew_demand_placed_shares,lets,111,partition,site-c,True,authorized_and_claimed,10554500,112,188,
skew_demand_placed_shares,lets,112,partition,site-a,True,authorized_and_claimed,10533300,113,187,
skew_demand_placed_shares,lets,113,partition,site-a,True,authorized_and_claimed,11375700,114,186,
skew_demand_placed_shares,lets,114,partition,site-a,True,authorized_and_claimed,11306400,115,185,
skew_demand_placed_shares,lets,115,partition,site-b,True,authorized_and_claimed,10129000,116,184,
skew_demand_placed_shares,lets,116,partition,site-a,True,authorized_and_claimed,10830700,117,183,
skew_demand_placed_shares,lets,117,partition,site-c,True,authorized_and_claimed,10186500,118,182,
skew_demand_placed_shares,lets,118,partition,site-a,True,authorized_and_claimed,11957500,119,181,
skew_demand_placed_shares,lets,119,partition,site-a,True,authorized_and_claimed,10534600,120,180,
skew_demand_placed_shares,lets,120,partition,site-a,True,authorized_and_claimed,10219500,121,179,
skew_demand_placed_shares,lets,121,partition,site-a,True,authorized_and_claimed,11434700,122,178,
skew_demand_placed_shares,lets,122,partition,site-b,True,authorized_and_claimed,10392700,123,177,
skew_demand_placed_shares,lets,123,partition,site-a,True,authorized_and_claimed,10482200,124,176,
skew_demand_placed_shares,lets,124,partition,site-c,True,authorized_and_claimed,10034500,125,175,
skew_demand_placed_shares,lets,125,partition,site-a,True,authorized_and_claimed,10889900,126,174,
skew_demand_placed_shares,lets,126,partition,site-a,True,authorized_and_claimed,12362900,127,173,
skew_demand_placed_shares,lets,127,partition,site-a,True,authorized_and_claimed,11444700,128,172,
skew_demand_placed_shares,lets,128,partition,site-b,True,authorized_and_claimed,10088200,129,171,
skew_demand_placed_shares,lets,129,partition,site-a,True,authorized_and_claimed,10414500,130,170,
skew_demand_placed_shares,lets,130,partition,site-a,True,authorized_and_claimed,11168600,131,169,
skew_demand_placed_shares,lets,131,partition,site-c,True,authorized_and_claimed,10292500,132,168,
skew_demand_placed_shares,lets,132,partition,site-a,True,authorized_and_claimed,10427100,133,167,
skew_demand_placed_shares,lets,133,partition,site-a,True,authorized_and_claimed,10668900,134,166,
skew_demand_placed_shares,lets,134,partition,site-a,True,authorized_and_claimed,10831900,135,165,
skew_demand_placed_shares,lets,135,partition,site-b,True,authorized_and_claimed,11942200,136,164,
skew_demand_placed_shares,lets,136,partition,site-a,True,authorized_and_claimed,11533900,137,163,
skew_demand_placed_shares,lets,137,partition,site-c,True,authorized_and_claimed,10299900,138,162,
skew_demand_placed_shares,lets,138,partition,site-a,True,authorized_and_claimed,11097500,139,161,
skew_demand_placed_shares,lets,139,partition,site-a,True,authorized_and_claimed,10480300,140,160,
skew_demand_placed_shares,lets,140,partition,site-a,True,authorized_and_claimed,10983900,141,159,
skew_demand_placed_shares,lets,141,partition,site-a,True,authorized_and_claimed,11234600,142,158,
skew_demand_placed_shares,lets,142,partition,site-b,True,authorized_and_claimed,10186500,143,157,
skew_demand_placed_shares,lets,143,partition,site-a,True,authorized_and_claimed,10585000,144,156,
skew_demand_placed_shares,lets,144,partition,site-c,True,authorized_and_claimed,12870600,145,155,
skew_demand_placed_shares,lets,145,partition,site-a,True,authorized_and_claimed,10848000,146,154,
skew_demand_placed_shares,lets,146,partition,site-a,True,authorized_and_claimed,10202800,147,153,
skew_demand_placed_shares,lets,147,partition,site-a,True,authorized_and_claimed,11437000,148,152,
skew_demand_placed_shares,lets,148,partition,site-b,True,authorized_and_claimed,10118300,149,151,
skew_demand_placed_shares,lets,149,partition,site-a,True,authorized_and_claimed,10751700,150,150,
skew_demand_placed_shares,lets,150,partition,site-a,True,authorized_and_claimed,10723800,151,149,
skew_demand_placed_shares,lets,151,partition,site-c,True,authorized_and_claimed,10620700,152,148,
skew_demand_placed_shares,lets,152,partition,site-a,True,authorized_and_claimed,11425800,153,147,
skew_demand_placed_shares,lets,153,partition,site-a,True,authorized_and_claimed,11549900,154,146,
skew_demand_placed_shares,lets,154,partition,site-a,True,authorized_and_claimed,10225000,155,145,
skew_demand_placed_shares,lets,155,partition,site-b,True,authorized_and_claimed,10807400,156,144,
skew_demand_placed_shares,lets,156,partition,site-a,True,authorized_and_claimed,11010000,157,143,
skew_demand_placed_shares,lets,157,partition,site-c,True,authorized_and_claimed,10814300,158,142,
skew_demand_placed_shares,lets,158,partition,site-a,True,authorized_and_claimed,10329400,159,141,
skew_demand_placed_shares,lets,159,partition,site-a,True,authorized_and_claimed,10996900,160,140,
skew_demand_placed_shares,lets,160,partition,site-a,True,authorized_and_claimed,10361400,161,139,
skew_demand_placed_shares,lets,161,partition,site-a,True,authorized_and_claimed,12336800,162,138,
skew_demand_placed_shares,lets,162,partition,site-b,True,authorized_and_claimed,10631400,163,137,
skew_demand_placed_shares,lets,163,partition,site-a,True,authorized_and_claimed,10983200,164,136,
skew_demand_placed_shares,lets,164,partition,site-c,True,authorized_and_claimed,10162800,165,135,
skew_demand_placed_shares,lets,165,partition,site-a,True,authorized_and_claimed,10356900,166,134,
skew_demand_placed_shares,lets,166,partition,site-a,True,authorized_and_claimed,11001900,167,133,
skew_demand_placed_shares,lets,167,partition,site-a,True,authorized_and_claimed,11159200,168,132,
skew_demand_placed_shares,lets,168,partition,site-b,True,authorized_and_claimed,10481100,169,131,
skew_demand_placed_shares,lets,169,partition,site-a,True,authorized_and_claimed,10977000,170,130,
skew_demand_placed_shares,lets,170,partition,site-a,True,authorized_and_claimed,13428000,171,129,
skew_demand_placed_shares,lets,171,partition,site-c,True,authorized_and_claimed,10186600,172,128,
skew_demand_placed_shares,lets,172,partition,site-a,True,authorized_and_claimed,10624900,173,127,
skew_demand_placed_shares,lets,173,partition,site-a,True,authorized_and_claimed,11160500,174,126,
skew_demand_placed_shares,lets,174,partition,site-a,True,authorized_and_claimed,10642200,175,125,
skew_demand_placed_shares,lets,175,partition,site-b,True,authorized_and_claimed,10177000,176,124,
skew_demand_placed_shares,lets,176,partition,site-a,True,authorized_and_claimed,10827700,177,123,
skew_demand_placed_shares,lets,177,partition,site-c,True,authorized_and_claimed,10189900,178,122,
skew_demand_placed_shares,lets,178,partition,site-a,True,authorized_and_claimed,12317200,179,121,
skew_demand_placed_shares,lets,179,partition,site-a,True,authorized_and_claimed,12310400,180,120,
skew_demand_placed_shares,lets,180,partition,site-a,True,authorized_and_claimed,10920500,181,119,
skew_demand_placed_shares,lets,181,partition,site-a,True,authorized_and_claimed,11144100,182,118,
skew_demand_placed_shares,lets,182,partition,site-b,True,authorized_and_claimed,10396500,183,117,
skew_demand_placed_shares,lets,183,partition,site-a,True,authorized_and_claimed,10586100,184,116,
skew_demand_placed_shares,lets,184,partition,site-c,True,authorized_and_claimed,10576400,185,115,
skew_demand_placed_shares,lets,185,partition,site-a,True,authorized_and_claimed,10736000,186,114,
skew_demand_placed_shares,lets,186,partition,site-a,True,authorized_and_claimed,11308500,187,113,
skew_demand_placed_shares,lets,187,partition,site-a,True,authorized_and_claimed,11635400,188,112,
skew_demand_placed_shares,lets,188,partition,site-b,True,authorized_and_claimed,10222900,189,111,
skew_demand_placed_shares,lets,189,partition,site-a,True,authorized_and_claimed,10933100,190,110,
skew_demand_placed_shares,lets,190,partition,site-a,True,authorized_and_claimed,11392400,191,109,
skew_demand_placed_shares,lets,191,partition,site-c,True,authorized_and_claimed,10046100,192,108,
skew_demand_placed_shares,lets,192,partition,site-a,True,authorized_and_claimed,11259600,193,107,
skew_demand_placed_shares,lets,193,partition,site-a,True,authorized_and_claimed,11668900,194,106,
skew_demand_placed_shares,lets,194,partition,site-a,True,authorized_and_claimed,11549100,195,105,
skew_demand_placed_shares,lets,195,partition,site-b,True,authorized_and_claimed,12321400,196,104,
skew_demand_placed_shares,lets,196,partition,site-a,True,authorized_and_claimed,10599900,197,103,
skew_demand_placed_shares,lets,197,partition,site-c,True,authorized_and_claimed,10342300,198,102,
skew_demand_placed_shares,lets,198,partition,site-a,True,authorized_and_claimed,10674200,199,101,
skew_demand_placed_shares,lets,199,partition,site-a,True,authorized_and_claimed,10892800,200,100,
skew_demand_placed_shares,lets,200,partition,site-a,True,authorized_and_claimed,10744400,201,99,
skew_demand_placed_shares,lets,201,partition,site-a,True,authorized_and_claimed,11267100,202,98,
skew_demand_placed_shares,lets,202,partition,site-b,True,authorized_and_claimed,10176800,203,97,
skew_demand_placed_shares,lets,203,partition,site-a,True,authorized_and_claimed,11493200,204,96,
skew_demand_placed_shares,lets,204,partition,site-c,True,authorized_and_claimed,11275800,205,95,
skew_demand_placed_shares,lets,205,partition,site-a,True,authorized_and_claimed,10918300,206,94,
skew_demand_placed_shares,lets,206,partition,site-a,True,authorized_and_claimed,11657700,207,93,
skew_demand_placed_shares,lets,207,partition,site-a,True,authorized_and_claimed,10740800,208,92,
skew_demand_placed_shares,lets,208,partition,site-b,True,authorized_and_claimed,10435200,209,91,
skew_demand_placed_shares,lets,209,partition,site-a,True,authorized_and_claimed,10812100,210,90,
skew_demand_placed_shares,lets,210,recovery,site-a,True,authorized_and_claimed,10749300,211,89,
skew_demand_placed_shares,lets,211,recovery,site-c,True,authorized_and_claimed,10198700,212,88,
skew_demand_placed_shares,lets,212,recovery,site-a,True,authorized_and_claimed,10856400,213,87,
skew_demand_placed_shares,lets,213,recovery,site-a,True,authorized_and_claimed,10865500,214,86,
skew_demand_placed_shares,lets,214,recovery,site-a,True,authorized_and_claimed,11029400,215,85,
skew_demand_placed_shares,lets,215,recovery,site-b,True,authorized_and_claimed,10211400,216,84,
skew_demand_placed_shares,lets,216,recovery,site-a,True,authorized_and_claimed,12480200,217,83,
skew_demand_placed_shares,lets,217,recovery,site-c,True,authorized_and_claimed,10325900,218,82,
skew_demand_placed_shares,lets,218,recovery,site-a,True,authorized_and_claimed,50177700,219,81,
skew_demand_placed_shares,lets,219,recovery,site-a,True,authorized_and_claimed,10912400,220,80,
skew_demand_placed_shares,lets,220,recovery,site-a,True,authorized_and_claimed,10839200,221,79,
skew_demand_placed_shares,lets,221,recovery,site-a,True,authorized_and_claimed,11945700,222,78,
skew_demand_placed_shares,lets,222,recovery,site-b,True,authorized_and_claimed,11119700,223,77,
skew_demand_placed_shares,lets,223,recovery,site-a,True,authorized_and_claimed,11549300,224,76,
skew_demand_placed_shares,lets,224,recovery,site-c,True,authorized_and_claimed,11564000,225,75,
skew_demand_placed_shares,lets,225,recovery,site-a,True,authorized_and_claimed,11218700,226,74,
skew_demand_placed_shares,lets,226,recovery,site-a,True,authorized_and_claimed,11639300,227,73,
skew_demand_placed_shares,lets,227,recovery,site-a,True,authorized_and_claimed,10734500,228,72,
skew_demand_placed_shares,lets,228,recovery,site-b,True,authorized_and_claimed,10390600,229,71,
skew_demand_placed_shares,lets,229,recovery,site-a,True,authorized_and_claimed,11609900,230,70,
skew_demand_placed_shares,lets,230,recovery,site-a,True,authorized_and_claimed,12140600,231,69,
skew_demand_placed_shares,lets,231,recovery,site-c,True,authorized_and_claimed,10672000,232,68,
skew_demand_placed_shares,lets,232,recovery,site-a,True,authorized_and_claimed,12881800,233,67,
skew_demand_placed_shares,lets,233,recovery,site-a,True,authorized_and_claimed,11480600,234,66,
skew_demand_placed_shares,lets,234,recovery,site-a,True,authorized_and_claimed,10796200,235,65,
skew_demand_placed_shares,lets,235,recovery,site-b,True,authorized_and_claimed,10869100,236,64,
skew_demand_placed_shares,lets,236,recovery,site-a,True,authorized_and_claimed,11240300,237,63,
skew_demand_placed_shares,lets,237,recovery,site-c,True,authorized_and_claimed,10272100,238,62,
skew_demand_placed_shares,lets,238,recovery,site-a,True,authorized_and_claimed,10617300,239,61,
skew_demand_placed_shares,lets,239,recovery,site-a,True,authorized_and_claimed,11672100,240,60,
skew_demand_placed_shares,lets,240,recovery,site-a,True,authorized_and_claimed,11200300,241,59,
skew_demand_placed_shares,lets,241,recovery,site-a,True,authorized_and_claimed,12450100,242,58,
skew_demand_placed_shares,lets,242,recovery,site-b,True,authorized_and_claimed,10354500,243,57,
skew_demand_placed_shares,lets,243,recovery,site-a,True,authorized_and_claimed,10984600,244,56,
skew_demand_placed_shares,lets,244,recovery,site-c,True,authorized_and_claimed,10201200,245,55,
skew_demand_placed_shares,lets,245,recovery,site-a,True,authorized_and_claimed,10906700,246,54,
skew_demand_placed_shares,lets,246,recovery,site-a,True,authorized_and_claimed,10772200,247,53,
skew_demand_placed_shares,lets,247,recovery,site-a,True,authorized_and_claimed,12249000,248,52,
skew_demand_placed_shares,lets,248,recovery,site-b,True,authorized_and_claimed,10650700,249,51,
skew_demand_placed_shares,lets,249,recovery,site-a,True,authorized_and_claimed,12127200,250,50,
skew_demand_placed_shares,lets,250,recovery,site-a,True,authorized_and_claimed,12461900,251,49,
skew_demand_placed_shares,lets,251,recovery,site-c,True,authorized_and_claimed,10216100,252,48,
skew_demand_placed_shares,lets,252,recovery,site-a,True,authorized_and_claimed,10740600,253,47,
skew_demand_placed_shares,lets,253,recovery,site-a,True,authorized_and_claimed,10755400,254,46,
skew_demand_placed_shares,lets,254,recovery,site-a,True,authorized_and_claimed,11648400,255,45,
skew_demand_placed_shares,lets,255,recovery,site-b,True,authorized_and_claimed,10566400,256,44,
skew_demand_placed_shares,lets,256,recovery,site-a,True,authorized_and_claimed,11081700,257,43,
skew_demand_placed_shares,lets,257,recovery,site-c,True,authorized_and_claimed,10448700,258,42,
skew_demand_placed_shares,lets,258,recovery,site-a,True,authorized_and_claimed,13010400,259,41,
skew_demand_placed_shares,lets,259,recovery,site-a,True,authorized_and_claimed,11424300,260,40,
skew_demand_placed_shares,lets,260,recovery,site-a,True,authorized_and_claimed,10876500,261,39,
skew_demand_placed_shares,lets,261,recovery,site-a,True,authorized_and_claimed,11315600,262,38,
skew_demand_placed_shares,lets,262,recovery,site-b,True,authorized_and_claimed,10877300,263,37,
skew_demand_placed_shares,lets,263,recovery,site-a,True,authorized_and_claimed,11178600,264,36,
skew_demand_placed_shares,lets,264,recovery,site-c,True,authorized_and_claimed,10339300,265,35,
skew_demand_placed_shares,lets,265,recovery,site-a,True,authorized_and_claimed,11493000,266,34,
skew_demand_placed_shares,lets,266,recovery,site-a,True,authorized_and_claimed,11753300,267,33,
skew_demand_placed_shares,lets,267,recovery,site-a,True,authorized_and_claimed,13051500,268,32,
skew_demand_placed_shares,lets,268,recovery,site-b,True,authorized_and_claimed,10523500,269,31,
skew_demand_placed_shares,lets,269,recovery,site-a,True,authorized_and_claimed,11014400,270,30,
skew_demand_placed_shares,lets,270,recovery,site-a,True,authorized_and_claimed,12032300,271,29,
skew_demand_placed_shares,lets,271,recovery,site-c,True,authorized_and_claimed,10387400,272,28,
skew_demand_placed_shares,lets,272,recovery,site-a,True,authorized_and_claimed,11239900,273,27,
skew_demand_placed_shares,lets,273,recovery,site-a,True,authorized_and_claimed,11670100,274,26,
skew_demand_placed_shares,lets,274,recovery,site-a,True,authorized_and_claimed,31602600,275,25,
skew_demand_placed_shares,lets,275,recovery,site-b,True,authorized_and_claimed,10950300,276,24,
skew_demand_placed_shares,lets,276,recovery,site-a,True,authorized_and_claimed,11588500,277,23,
skew_demand_placed_shares,lets,277,recovery,site-c,True,authorized_and_claimed,11502500,278,22,
skew_demand_placed_shares,lets,278,recovery,site-a,True,authorized_and_claimed,10957600,279,21,
skew_demand_placed_shares,lets,279,recovery,site-a,True,authorized_and_claimed,11302300,280,20,
skew_demand_placed_shares,lets,280,recovery,site-a,True,authorized_and_claimed,11772700,281,19,
skew_demand_placed_shares,lets,281,recovery,site-a,True,authorized_and_claimed,11203300,282,18,
skew_demand_placed_shares,lets,282,recovery,site-b,True,authorized_and_claimed,10275300,283,17,
skew_demand_placed_shares,lets,283,recovery,site-a,True,authorized_and_claimed,12428300,284,16,
skew_demand_placed_shares,lets,284,recovery,site-c,True,authorized_and_claimed,10555300,285,15,
skew_demand_placed_shares,lets,285,recovery,site-a,True,authorized_and_claimed,11294900,286,14,
skew_demand_placed_shares,lets,286,recovery,site-a,True,authorized_and_claimed,11377600,287,13,
skew_demand_placed_shares,lets,287,recovery,site-a,True,authorized_and_claimed,11146700,288,12,
skew_demand_placed_shares,lets,288,recovery,site-b,True,authorized_and_claimed,10746300,289,11,
skew_demand_placed_shares,lets,289,recovery,site-a,True,authorized_and_claimed,11057800,290,10,
skew_demand_placed_shares,lets,290,recovery,site-a,True,authorized_and_claimed,11576300,291,9,
skew_demand_placed_shares,lets,291,recovery,site-c,True,authorized_and_claimed,12070700,292,8,
skew_demand_placed_shares,lets,292,recovery,site-a,True,authorized_and_claimed,10890000,293,7,
skew_demand_placed_shares,lets,293,recovery,site-a,True,authorized_and_claimed,11728700,294,6,
skew_demand_placed_shares,lets,294,recovery,site-a,True,authorized_and_claimed,11043200,295,5,
skew_demand_placed_shares,lets,295,recovery,site-b,True,authorized_and_claimed,10355400,296,4,
skew_demand_placed_shares,lets,296,recovery,site-a,True,authorized_and_claimed,11540800,297,3,
skew_demand_placed_shares,lets,297,recovery,site-c,True,authorized_and_claimed,10587500,298,2,
skew_demand_placed_shares,lets,298,recovery,site-a,True,authorized_and_claimed,11784600,299,1,
skew_demand_placed_shares,lets,299,recovery,site-a,True,authorized_and_claimed,12876300,300,0,
skew_demand_placed_shares,centralized_counter,0,normal,site-a,True,authorized,594200,,,299
skew_demand_placed_shares,centralized_counter,1,normal,site-a,True,authorized,544200,,,298
skew_demand_placed_shares,centralized_counter,2,normal,site-b,True,authorized,552700,,,297
skew_demand_placed_shares,centralized_counter,3,normal,site-a,True,authorized,578600,,,296
skew_demand_placed_shares,centralized_counter,4,normal,site-c,True,authorized,595000,,,295
skew_demand_placed_shares,centralized_counter,5,normal,site-a,True,authorized,609200,,,294
skew_demand_placed_shares,centralized_counter,6,normal,site-a,True,authorized,613800,,,293
skew_demand_placed_shares,centralized_counter,7,normal,site-a,True,authorized,538300,,,292
skew_demand_placed_shares,centralized_counter,8,normal,site-b,True,authorized,511100,,,291
skew_demand_placed_shares,centralized_counter,9,normal,site-a,True,authorized,546600,,,290
skew_demand_placed_shares,centralized_counter,10,normal,site-a,True,authorized,552900,,,289
skew_demand_placed_shares,centralized_counter,11,normal,site-c,True,authorized,548400,,,288
skew_demand_placed_shares,centralized_counter,12,normal,site-a,True,authorized,558700,,,287
skew_demand_placed_shares,centralized_counter,13,normal,site-a,True,authorized,575400,,,286
skew_demand_placed_shares,centralized_counter,14,normal,site-a,True,authorized,544900,,,285
skew_demand_placed_shares,centralized_counter,15,normal,site-b,True,authorized,563000,,,284
skew_demand_placed_shares,centralized_counter,16,normal,site-a,True,authorized,501300,,,283
skew_demand_placed_shares,centralized_counter,17,normal,site-c,True,authorized,538800,,,282
skew_demand_placed_shares,centralized_counter,18,normal,site-a,True,authorized,548900,,,281
skew_demand_placed_shares,centralized_counter,19,normal,site-a,True,authorized,645400,,,280
skew_demand_placed_shares,centralized_counter,20,normal,site-a,True,authorized,575400,,,279
skew_demand_placed_shares,centralized_counter,21,normal,site-a,True,authorized,545700,,,278
skew_demand_placed_shares,centralized_counter,22,normal,site-b,True,authorized,552500,,,277
skew_demand_placed_shares,centralized_counter,23,normal,site-a,True,authorized,552500,,,276
skew_demand_placed_shares,centralized_counter,24,normal,site-c,True,authorized,568800,,,275
skew_demand_placed_shares,centralized_counter,25,normal,site-a,True,authorized,555600,,,274
skew_demand_placed_shares,centralized_counter,26,normal,site-a,True,authorized,571500,,,273
skew_demand_placed_shares,centralized_counter,27,normal,site-a,True,authorized,551100,,,272
skew_demand_placed_shares,centralized_counter,28,normal,site-b,True,authorized,558100,,,271
skew_demand_placed_shares,centralized_counter,29,normal,site-a,True,authorized,581400,,,270
skew_demand_placed_shares,centralized_counter,30,normal,site-a,True,authorized,617500,,,269
skew_demand_placed_shares,centralized_counter,31,normal,site-c,True,authorized,556000,,,268
skew_demand_placed_shares,centralized_counter,32,normal,site-a,True,authorized,591600,,,267
skew_demand_placed_shares,centralized_counter,33,normal,site-a,True,authorized,581100,,,266
skew_demand_placed_shares,centralized_counter,34,normal,site-a,True,authorized,574300,,,265
skew_demand_placed_shares,centralized_counter,35,normal,site-b,True,authorized,556100,,,264
skew_demand_placed_shares,centralized_counter,36,normal,site-a,True,authorized,551800,,,263
skew_demand_placed_shares,centralized_counter,37,normal,site-c,True,authorized,573500,,,262
skew_demand_placed_shares,centralized_counter,38,normal,site-a,True,authorized,547600,,,261
skew_demand_placed_shares,centralized_counter,39,normal,site-a,True,authorized,554000,,,260
skew_demand_placed_shares,centralized_counter,40,normal,site-a,True,authorized,583300,,,259
skew_demand_placed_shares,centralized_counter,41,normal,site-a,True,authorized,547100,,,258
skew_demand_placed_shares,centralized_counter,42,normal,site-b,True,authorized,573800,,,257
skew_demand_placed_shares,centralized_counter,43,normal,site-a,True,authorized,507000,,,256
skew_demand_placed_shares,centralized_counter,44,normal,site-c,True,authorized,566500,,,255
skew_demand_placed_shares,centralized_counter,45,normal,site-a,True,authorized,744900,,,254
skew_demand_placed_shares,centralized_counter,46,normal,site-a,True,authorized,557100,,,253
skew_demand_placed_shares,centralized_counter,47,normal,site-a,True,authorized,560200,,,252
skew_demand_placed_shares,centralized_counter,48,normal,site-b,True,authorized,553500,,,251
skew_demand_placed_shares,centralized_counter,49,normal,site-a,True,authorized,561900,,,250
skew_demand_placed_shares,centralized_counter,50,normal,site-a,True,authorized,557800,,,249
skew_demand_placed_shares,centralized_counter,51,normal,site-c,True,authorized,568700,,,248
skew_demand_placed_shares,centralized_counter,52,normal,site-a,True,authorized,559800,,,247
skew_demand_placed_shares,centralized_counter,53,normal,site-a,True,authorized,567600,,,246
skew_demand_placed_shares,centralized_counter,54,normal,site-a,True,authorized,522300,,,245
skew_demand_placed_shares,centralized_counter,55,normal,site-b,True,authorized,537300,,,244
skew_demand_placed_shares,centralized_counter,56,normal,site-a,True,authorized,586900,,,243
skew_demand_placed_shares,centralized_counter,57,normal,site-c,True,authorized,588700,,,242
skew_demand_placed_shares,centralized_counter,58,normal,site-a,True,authorized,589700,,,241
skew_demand_placed_shares,centralized_counter,59,normal,site-a,True,authorized,584500,,,240
skew_demand_placed_shares,centralized_counter,60,partition,site-a,False,central_unreachable,0,,,240
skew_demand_placed_shares,centralized_counter,61,partition,site-a,False,central_unreachable,0,,,240
skew_demand_placed_shares,centralized_counter,62,partition,site-b,True,authorized,591600,,,239
skew_demand_placed_shares,centralized_counter,63,partition,site-a,False,central_unreachable,0,,,239
skew_demand_placed_shares,centralized_counter,64,partition,site-c,True,authorized,569000,,,238
skew_demand_placed_shares,centralized_counter,65,partition,site-a,False,central_unreachable,0,,,238
skew_demand_placed_shares,centralized_counter,66,partition,site-a,False,central_unreachable,0,,,238
skew_demand_placed_shares,centralized_counter,67,partition,site-a,False,central_unreachable,0,,,238
skew_demand_placed_shares,centralized_counter,68,partition,site-b,True,authorized,550600,,,237
skew_demand_placed_shares,centralized_counter,69,partition,site-a,False,central_unreachable,0,,,237
skew_demand_placed_shares,centralized_counter,70,partition,site-a,False,central_unreachable,0,,,237
skew_demand_placed_shares,centralized_counter,71,partition,site-c,True,authorized,573000,,,236
skew_demand_placed_shares,centralized_counter,72,partition,site-a,False,central_unreachable,0,,,236
skew_demand_placed_shares,centralized_counter,73,partition,site-a,False,central_unreachable,0,,,236
skew_demand_placed_shares,centralized_counter,74,partition,site-a,False,central_unreachable,0,,,236
skew_demand_placed_shares,centralized_counter,75,partition,site-b,True,authorized,547100,,,235
skew_demand_placed_shares,centralized_counter,76,partition,site-a,False,central_unreachable,0,,,235
skew_demand_placed_shares,centralized_counter,77,partition,site-c,True,authorized,587500,,,234
skew_demand_placed_shares,centralized_counter,78,partition,site-a,False,central_unreachable,0,,,234
skew_demand_placed_shares,centralized_counter,79,partition,site-a,False,central_unreachable,0,,,234
skew_demand_placed_shares,centralized_counter,80,partition,site-a,False,central_unreachable,0,,,234
skew_demand_placed_shares,centralized_counter,81,partition,site-a,False,central_unreachable,0,,,234
skew_demand_placed_shares,centralized_counter,82,partition,site-b,True,authorized,585400,,,233
skew_demand_placed_shares,centralized_counter,83,partition,site-a,False,central_unreachable,0,,,233
skew_demand_placed_shares,centralized_counter,84,partition,site-c,True,authorized,543100,,,232
skew_demand_placed_shares,centralized_counter,85,partition,site-a,False,central_unreachable,0,,,232
skew_demand_placed_shares,centralized_counter,86,partition,site-a,False,central_unreachable,0,,,232
skew_demand_placed_shares,centralized_counter,87,partition,site-a,False,central_unreachable,0,,,232
skew_demand_placed_shares,centralized_counter,88,partition,site-b,True,authorized,582400,,,231
skew_demand_placed_shares,centralized_counter,89,partition,site-a,False,central_unreachable,0,,,231
skew_demand_placed_shares,centralized_counter,90,partition,site-a,False,central_unreachable,0,,,231
skew_demand_placed_shares,centralized_counter,91,partition,site-c,True,authorized,553800,,,230
skew_demand_placed_shares,centralized_counter,92,partition,site-a,False,central_unreachable,0,,,230
skew_demand_placed_shares,centralized_counter,93,partition,site-a,False,central_unreachable,0,,,230
skew_demand_placed_shares,centralized_counter,94,partition,site-a,False,central_unreachable,0,,,230
skew_demand_placed_shares,centralized_counter,95,partition,site-b,True,authorized,553800,,,229
skew_demand_placed_shares,centralized_counter,96,partition,site-a,False,central_unreachable,0,,,229
skew_demand_placed_shares,centralized_counter,97,partition,site-c,True,authorized,570200,,,228
skew_demand_placed_shares,centralized_counter,98,partition,site-a,False,central_unreachable,0,,,228
skew_demand_placed_shares,centralized_counter,99,partition,site-a,False,central_unreachable,0,,,228
skew_demand_placed_shares,centralized_counter,100,partition,site-a,False,central_unreachable,0,,,228
skew_demand_placed_shares,centralized_counter,101,partition,site-a,False,central_unreachable,0,,,228
skew_demand_placed_shares,centralized_counter,102,partition,site-b,True,authorized,552600,,,227
skew_demand_placed_shares,centralized_counter,103,partition,site-a,False,central_unreachable,0,,,227
skew_demand_placed_shares,centralized_counter,104,partition,site-c,True,authorized,553600,,,226
skew_demand_placed_shares,centralized_counter,105,partition,site-a,False,central_unreachable,0,,,226
skew_demand_placed_shares,centralized_counter,106,partition,site-a,False,central_unreachable,0,,,226
skew_demand_placed_shares,centralized_counter,107,partition,site-a,False,central_unreachable,0,,,226
skew_demand_placed_shares,centralized_counter,108,partition,site-b,True,authorized,553200,,,225
skew_demand_placed_shares,centralized_counter,109,partition,site-a,False,central_unreachable,0,,,225
skew_demand_placed_shares,centralized_counter,110,partition,site-a,False,central_unreachable,0,,,225
skew_demand_placed_shares,centralized_counter,111,partition,site-c,True,authorized,560400,,,224
skew_demand_placed_shares,centralized_counter,112,partition,site-a,False,central_unreachable,0,,,224
skew_demand_placed_shares,centralized_counter,113,partition,site-a,False,central_unreachable,0,,,224
skew_demand_placed_shares,centralized_counter,114,partition,site-a,False,central_unreachable,0,,,224
skew_demand_placed_shares,centralized_counter,115,partition,site-b,True,authorized,582800,,,223
skew_demand_placed_shares,centralized_counter,116,partition,site-a,False,central_unreachable,0,,,223
skew_demand_placed_shares,centralized_counter,117,partition,site-c,True,authorized,589300,,,222
skew_demand_placed_shares,centralized_counter,118,partition,site-a,False,central_unreachable,0,,,222
skew_demand_placed_shares,centralized_counter,119,partition,site-a,False,central_unreachable,0,,,222
skew_demand_placed_shares,centralized_counter,120,partition,site-a,False,central_unreachable,0,,,222
skew_demand_placed_shares,centralized_counter,121,partition,site-a,False,central_unreachable,0,,,222
skew_demand_placed_shares,centralized_counter,122,partition,site-b,True,authorized,561900,,,221
skew_demand_placed_shares,centralized_counter,123,partition,site-a,False,central_unreachable,0,,,221
skew_demand_placed_shares,centralized_counter,124,partition,site-c,True,authorized,871400,,,220
skew_demand_placed_shares,centralized_counter,125,partition,site-a,False,central_unreachable,0,,,220
skew_demand_placed_shares,centralized_counter,126,partition,site-a,False,central_unreachable,0,,,220
skew_demand_placed_shares,centralized_counter,127,partition,site-a,False,central_unreachable,0,,,220
skew_demand_placed_shares,centralized_counter,128,partition,site-b,True,authorized,863000,,,219
skew_demand_placed_shares,centralized_counter,129,partition,site-a,False,central_unreachable,0,,,219
skew_demand_placed_shares,centralized_counter,130,partition,site-a,False,central_unreachable,0,,,219
skew_demand_placed_shares,centralized_counter,131,partition,site-c,True,authorized,964100,,,218
skew_demand_placed_shares,centralized_counter,132,partition,site-a,False,central_unreachable,0,,,218
skew_demand_placed_shares,centralized_counter,133,partition,site-a,False,central_unreachable,0,,,218
skew_demand_placed_shares,centralized_counter,134,partition,site-a,False,central_unreachable,0,,,218
skew_demand_placed_shares,centralized_counter,135,partition,site-b,True,authorized,892300,,,217
skew_demand_placed_shares,centralized_counter,136,partition,site-a,False,central_unreachable,0,,,217
skew_demand_placed_shares,centralized_counter,137,partition,site-c,True,authorized,909200,,,216
skew_demand_placed_shares,centralized_counter,138,partition,site-a,False,central_unreachable,0,,,216
skew_demand_placed_shares,centralized_counter,139,partition,site-a,False,central_unreachable,0,,,216
skew_demand_placed_shares,centralized_counter,140,partition,site-a,False,central_unreachable,0,,,216
skew_demand_placed_shares,centralized_counter,141,partition,site-a,False,central_unreachable,0,,,216
skew_demand_placed_shares,centralized_counter,142,partition,site-b,True,authorized,904500,,,215
skew_demand_placed_shares,centralized_counter,143,partition,site-a,False,central_unreachable,0,,,215
skew_demand_placed_shares,centralized_counter,144,partition,site-c,True,authorized,897900,,,214
skew_demand_placed_shares,centralized_counter,145,partition,site-a,False,central_unreachable,0,,,214
skew_demand_placed_shares,centralized_counter,146,partition,site-a,False,central_unreachable,0,,,214
skew_demand_placed_shares,centralized_counter,147,partition,site-a,False,central_unreachable,0,,,214
skew_demand_placed_shares,centralized_counter,148,partition,site-b,True,authorized,930100,,,213
skew_demand_placed_shares,centralized_counter,149,partition,site-a,False,central_unreachable,0,,,213
skew_demand_placed_shares,centralized_counter,150,partition,site-a,False,central_unreachable,0,,,213
skew_demand_placed_shares,centralized_counter,151,partition,site-c,True,authorized,582700,,,212
skew_demand_placed_shares,centralized_counter,152,partition,site-a,False,central_unreachable,0,,,212
skew_demand_placed_shares,centralized_counter,153,partition,site-a,False,central_unreachable,0,,,212
skew_demand_placed_shares,centralized_counter,154,partition,site-a,False,central_unreachable,0,,,212
skew_demand_placed_shares,centralized_counter,155,partition,site-b,True,authorized,551600,,,211
skew_demand_placed_shares,centralized_counter,156,partition,site-a,False,central_unreachable,0,,,211
skew_demand_placed_shares,centralized_counter,157,partition,site-c,True,authorized,554600,,,210
skew_demand_placed_shares,centralized_counter,158,partition,site-a,False,central_unreachable,0,,,210
skew_demand_placed_shares,centralized_counter,159,partition,site-a,False,central_unreachable,0,,,210
skew_demand_placed_shares,centralized_counter,160,partition,site-a,False,central_unreachable,0,,,210
skew_demand_placed_shares,centralized_counter,161,partition,site-a,False,central_unreachable,0,,,210
skew_demand_placed_shares,centralized_counter,162,partition,site-b,True,authorized,548700,,,209
skew_demand_placed_shares,centralized_counter,163,partition,site-a,False,central_unreachable,0,,,209
skew_demand_placed_shares,centralized_counter,164,partition,site-c,True,authorized,573100,,,208
skew_demand_placed_shares,centralized_counter,165,partition,site-a,False,central_unreachable,0,,,208
skew_demand_placed_shares,centralized_counter,166,partition,site-a,False,central_unreachable,0,,,208
skew_demand_placed_shares,centralized_counter,167,partition,site-a,False,central_unreachable,0,,,208
skew_demand_placed_shares,centralized_counter,168,partition,site-b,True,authorized,565200,,,207
skew_demand_placed_shares,centralized_counter,169,partition,site-a,False,central_unreachable,0,,,207
skew_demand_placed_shares,centralized_counter,170,partition,site-a,False,central_unreachable,0,,,207
skew_demand_placed_shares,centralized_counter,171,partition,site-c,True,authorized,742000,,,206
skew_demand_placed_shares,centralized_counter,172,partition,site-a,False,central_unreachable,0,,,206
skew_demand_placed_shares,centralized_counter,173,partition,site-a,False,central_unreachable,0,,,206
skew_demand_placed_shares,centralized_counter,174,partition,site-a,False,central_unreachable,0,,,206
skew_demand_placed_shares,centralized_counter,175,partition,site-b,True,authorized,569300,,,205
skew_demand_placed_shares,centralized_counter,176,partition,site-a,False,central_unreachable,0,,,205
skew_demand_placed_shares,centralized_counter,177,partition,site-c,True,authorized,554400,,,204
skew_demand_placed_shares,centralized_counter,178,partition,site-a,False,central_unreachable,0,,,204
skew_demand_placed_shares,centralized_counter,179,partition,site-a,False,central_unreachable,0,,,204
skew_demand_placed_shares,centralized_counter,180,partition,site-a,False,central_unreachable,0,,,204
skew_demand_placed_shares,centralized_counter,181,partition,site-a,False,central_unreachable,0,,,204
skew_demand_placed_shares,centralized_counter,182,partition,site-b,True,authorized,583100,,,203
skew_demand_placed_shares,centralized_counter,183,partition,site-a,False,central_unreachable,0,,,203
skew_demand_placed_shares,centralized_counter,184,partition,site-c,True,authorized,551200,,,202
skew_demand_placed_shares,centralized_counter,185,partition,site-a,False,central_unreachable,0,,,202
skew_demand_placed_shares,centralized_counter,186,partition,site-a,False,central_unreachable,0,,,202
skew_demand_placed_shares,centralized_counter,187,partition,site-a,False,central_unreachable,0,,,202
skew_demand_placed_shares,centralized_counter,188,partition,site-b,True,authorized,543600,,,201
skew_demand_placed_shares,centralized_counter,189,partition,site-a,False,central_unreachable,0,,,201
skew_demand_placed_shares,centralized_counter,190,partition,site-a,False,central_unreachable,0,,,201
skew_demand_placed_shares,centralized_counter,191,partition,site-c,True,authorized,555000,,,200
skew_demand_placed_shares,centralized_counter,192,partition,site-a,False,central_unreachable,0,,,200
skew_demand_placed_shares,centralized_counter,193,partition,site-a,False,central_unreachable,0,,,200
skew_demand_placed_shares,centralized_counter,194,partition,site-a,False,central_unreachable,0,,,200
skew_demand_placed_shares,centralized_counter,195,partition,site-b,True,authorized,540800,,,199
skew_demand_placed_shares,centralized_counter,196,partition,site-a,False,central_unreachable,0,,,199
skew_demand_placed_shares,centralized_counter,197,partition,site-c,True,authorized,549300,,,198
skew_demand_placed_shares,centralized_counter,198,partition,site-a,False,central_unreachable,0,,,198
skew_demand_placed_shares,centralized_counter,199,partition,site-a,False,central_unreachable,0,,,198
skew_demand_placed_shares,centralized_counter,200,partition,site-a,False,central_unreachable,0,,,198
skew_demand_placed_shares,centralized_counter,201,partition,site-a,False,central_unreachable,0,,,198
skew_demand_placed_shares,centralized_counter,202,partition,site-b,True,authorized,573600,,,197
skew_demand_placed_shares,centralized_counter,203,partition,site-a,False,central_unreachable,0,,,197
skew_demand_placed_shares,centralized_counter,204,partition,site-c,True,authorized,545500,,,196
skew_demand_placed_shares,centralized_counter,205,partition,site-a,False,central_unreachable,0,,,196
skew_demand_placed_shares,centralized_counter,206,partition,site-a,False,central_unreachable,0,,,196
skew_demand_placed_shares,centralized_counter,207,partition,site-a,False,central_unreachable,0,,,196
skew_demand_placed_shares,centralized_counter,208,partition,site-b,True,authorized,560100,,,195
skew_demand_placed_shares,centralized_counter,209,partition,site-a,False,central_unreachable,0,,,195
skew_demand_placed_shares,centralized_counter,210,recovery,site-a,True,authorized,554300,,,194
skew_demand_placed_shares,centralized_counter,211,recovery,site-c,True,authorized,546400,,,193
skew_demand_placed_shares,centralized_counter,212,recovery,site-a,True,authorized,562400,,,192
skew_demand_placed_shares,centralized_counter,213,recovery,site-a,True,authorized,577100,,,191
skew_demand_placed_shares,centralized_counter,214,recovery,site-a,True,authorized,549400,,,190
skew_demand_placed_shares,centralized_counter,215,recovery,site-b,True,authorized,540700,,,189
skew_demand_placed_shares,centralized_counter,216,recovery,site-a,True,authorized,551200,,,188
skew_demand_placed_shares,centralized_counter,217,recovery,site-c,True,authorized,572600,,,187
skew_demand_placed_shares,centralized_counter,218,recovery,site-a,True,authorized,576600,,,186
skew_demand_placed_shares,centralized_counter,219,recovery,site-a,True,authorized,569100,,,185
skew_demand_placed_shares,centralized_counter,220,recovery,site-a,True,authorized,559200,,,184
skew_demand_placed_shares,centralized_counter,221,recovery,site-a,True,authorized,538800,,,183
skew_demand_placed_shares,centralized_counter,222,recovery,site-b,True,authorized,551700,,,182
skew_demand_placed_shares,centralized_counter,223,recovery,site-a,True,authorized,544500,,,181
skew_demand_placed_shares,centralized_counter,224,recovery,site-c,True,authorized,579800,,,180
skew_demand_placed_shares,centralized_counter,225,recovery,site-a,True,authorized,583300,,,179
skew_demand_placed_shares,centralized_counter,226,recovery,site-a,True,authorized,594600,,,178
skew_demand_placed_shares,centralized_counter,227,recovery,site-a,True,authorized,566200,,,177
skew_demand_placed_shares,centralized_counter,228,recovery,site-b,True,authorized,584200,,,176
skew_demand_placed_shares,centralized_counter,229,recovery,site-a,True,authorized,548700,,,175
skew_demand_placed_shares,centralized_counter,230,recovery,site-a,True,authorized,551300,,,174
skew_demand_placed_shares,centralized_counter,231,recovery,site-c,True,authorized,568500,,,173
skew_demand_placed_shares,centralized_counter,232,recovery,site-a,True,authorized,556400,,,172
skew_demand_placed_shares,centralized_counter,233,recovery,site-a,True,authorized,577200,,,171
skew_demand_placed_shares,centralized_counter,234,recovery,site-a,True,authorized,554700,,,170
skew_demand_placed_shares,centralized_counter,235,recovery,site-b,True,authorized,560500,,,169
skew_demand_placed_shares,centralized_counter,236,recovery,site-a,True,authorized,575100,,,168
skew_demand_placed_shares,centralized_counter,237,recovery,site-c,True,authorized,599400,,,167
skew_demand_placed_shares,centralized_counter,238,recovery,site-a,True,authorized,592200,,,166
skew_demand_placed_shares,centralized_counter,239,recovery,site-a,True,authorized,572700,,,165
skew_demand_placed_shares,centralized_counter,240,recovery,site-a,True,authorized,555400,,,164
skew_demand_placed_shares,centralized_counter,241,recovery,site-a,True,authorized,544100,,,163
skew_demand_placed_shares,centralized_counter,242,recovery,site-b,True,authorized,562400,,,162
skew_demand_placed_shares,centralized_counter,243,recovery,site-a,True,authorized,599900,,,161
skew_demand_placed_shares,centralized_counter,244,recovery,site-c,True,authorized,595500,,,160
skew_demand_placed_shares,centralized_counter,245,recovery,site-a,True,authorized,568800,,,159
skew_demand_placed_shares,centralized_counter,246,recovery,site-a,True,authorized,547100,,,158
skew_demand_placed_shares,centralized_counter,247,recovery,site-a,True,authorized,548200,,,157
skew_demand_placed_shares,centralized_counter,248,recovery,site-b,True,authorized,564200,,,156
skew_demand_placed_shares,centralized_counter,249,recovery,site-a,True,authorized,562500,,,155
skew_demand_placed_shares,centralized_counter,250,recovery,site-a,True,authorized,544200,,,154
skew_demand_placed_shares,centralized_counter,251,recovery,site-c,True,authorized,544700,,,153
skew_demand_placed_shares,centralized_counter,252,recovery,site-a,True,authorized,553900,,,152
skew_demand_placed_shares,centralized_counter,253,recovery,site-a,True,authorized,568200,,,151
skew_demand_placed_shares,centralized_counter,254,recovery,site-a,True,authorized,575700,,,150
skew_demand_placed_shares,centralized_counter,255,recovery,site-b,True,authorized,564400,,,149
skew_demand_placed_shares,centralized_counter,256,recovery,site-a,True,authorized,547800,,,148
skew_demand_placed_shares,centralized_counter,257,recovery,site-c,True,authorized,541500,,,147
skew_demand_placed_shares,centralized_counter,258,recovery,site-a,True,authorized,579900,,,146
skew_demand_placed_shares,centralized_counter,259,recovery,site-a,True,authorized,553800,,,145
skew_demand_placed_shares,centralized_counter,260,recovery,site-a,True,authorized,568200,,,144
skew_demand_placed_shares,centralized_counter,261,recovery,site-a,True,authorized,556600,,,143
skew_demand_placed_shares,centralized_counter,262,recovery,site-b,True,authorized,557100,,,142
skew_demand_placed_shares,centralized_counter,263,recovery,site-a,True,authorized,562900,,,141
skew_demand_placed_shares,centralized_counter,264,recovery,site-c,True,authorized,557400,,,140
skew_demand_placed_shares,centralized_counter,265,recovery,site-a,True,authorized,557000,,,139
skew_demand_placed_shares,centralized_counter,266,recovery,site-a,True,authorized,556500,,,138
skew_demand_placed_shares,centralized_counter,267,recovery,site-a,True,authorized,551300,,,137
skew_demand_placed_shares,centralized_counter,268,recovery,site-b,True,authorized,603700,,,136
skew_demand_placed_shares,centralized_counter,269,recovery,site-a,True,authorized,623200,,,135
skew_demand_placed_shares,centralized_counter,270,recovery,site-a,True,authorized,589000,,,134
skew_demand_placed_shares,centralized_counter,271,recovery,site-c,True,authorized,594600,,,133
skew_demand_placed_shares,centralized_counter,272,recovery,site-a,True,authorized,740400,,,132
skew_demand_placed_shares,centralized_counter,273,recovery,site-a,True,authorized,509000,,,131
skew_demand_placed_shares,centralized_counter,274,recovery,site-a,True,authorized,556100,,,130
skew_demand_placed_shares,centralized_counter,275,recovery,site-b,True,authorized,572100,,,129
skew_demand_placed_shares,centralized_counter,276,recovery,site-a,True,authorized,545700,,,128
skew_demand_placed_shares,centralized_counter,277,recovery,site-c,True,authorized,580000,,,127
skew_demand_placed_shares,centralized_counter,278,recovery,site-a,True,authorized,906900,,,126
skew_demand_placed_shares,centralized_counter,279,recovery,site-a,True,authorized,867000,,,125
skew_demand_placed_shares,centralized_counter,280,recovery,site-a,True,authorized,861800,,,124
skew_demand_placed_shares,centralized_counter,281,recovery,site-a,True,authorized,889100,,,123
skew_demand_placed_shares,centralized_counter,282,recovery,site-b,True,authorized,912500,,,122
skew_demand_placed_shares,centralized_counter,283,recovery,site-a,True,authorized,878800,,,121
skew_demand_placed_shares,centralized_counter,284,recovery,site-c,True,authorized,861900,,,120
skew_demand_placed_shares,centralized_counter,285,recovery,site-a,True,authorized,873800,,,119
skew_demand_placed_shares,centralized_counter,286,recovery,site-a,True,authorized,552900,,,118
skew_demand_placed_shares,centralized_counter,287,recovery,site-a,True,authorized,594500,,,117
skew_demand_placed_shares,centralized_counter,288,recovery,site-b,True,authorized,555100,,,116
skew_demand_placed_shares,centralized_counter,289,recovery,site-a,True,authorized,554700,,,115
skew_demand_placed_shares,centralized_counter,290,recovery,site-a,True,authorized,557200,,,114
skew_demand_placed_shares,centralized_counter,291,recovery,site-c,True,authorized,546600,,,113
skew_demand_placed_shares,centralized_counter,292,recovery,site-a,True,authorized,570000,,,112
skew_demand_placed_shares,centralized_counter,293,recovery,site-a,True,authorized,582200,,,111
skew_demand_placed_shares,centralized_counter,294,recovery,site-a,True,authorized,566700,,,110
skew_demand_placed_shares,centralized_counter,295,recovery,site-b,True,authorized,546100,,,109
skew_demand_placed_shares,centralized_counter,296,recovery,site-a,True,authorized,554200,,,108
skew_demand_placed_shares,centralized_counter,297,recovery,site-c,True,authorized,578200,,,107
skew_demand_placed_shares,centralized_counter,298,recovery,site-a,True,authorized,568100,,,106
skew_demand_placed_shares,centralized_counter,299,recovery,site-a,True,authorized,554400,,,105
